ISO-10303-21;
HEADER;
FILE_DESCRIPTION(('FreeCAD Model'),'2;1');
FILE_NAME('Open CASCADE Shape Model','2026-06-25T11:06:35',(''),(''),
  'Open CASCADE STEP processor 7.9','FreeCAD','Unknown');
FILE_SCHEMA(('AUTOMOTIVE_DESIGN { 1 0 10303 214 1 1 1 1 }'));
ENDSEC;
DATA;
#1 = APPLICATION_PROTOCOL_DEFINITION('international standard',
  'automotive_design',2000,#2);
#2 = APPLICATION_CONTEXT(
  'core data for automotive mechanical design processes');
#3 = SHAPE_DEFINITION_REPRESENTATION(#4,#10);
#4 = PRODUCT_DEFINITION_SHAPE('','',#5);
#5 = PRODUCT_DEFINITION('design','',#6,#9);
#6 = PRODUCT_DEFINITION_FORMATION('','',#7);
#7 = PRODUCT('Body','Body','',(#8));
#8 = PRODUCT_CONTEXT('',#2,'mechanical');
#9 = PRODUCT_DEFINITION_CONTEXT('part definition',#2,'design');
#10 = ADVANCED_BREP_SHAPE_REPRESENTATION('',(#11,#15),#3684);
#11 = AXIS2_PLACEMENT_3D('',#12,#13,#14);
#12 = CARTESIAN_POINT('',(0.,0.,0.));
#13 = DIRECTION('',(0.,0.,1.));
#14 = DIRECTION('',(1.,0.,-0.));
#15 = MANIFOLD_SOLID_BREP('',#16);
#16 = CLOSED_SHELL('',(#17,#242,#273,#298,#323,#347,#371,#396,#421,#438,
    #464,#490,#516,#721,#820,#929,#1008,#1082,#1108,#1179,#1204,#1229,
    #1254,#1363,#1560,#1639,#1713,#1738,#1763,#1788,#1813,#1838,#1863,
    #1875,#1887,#1899,#2008,#2223,#2302,#2376,#2388,#2509,#2618,#2821,
    #2900,#2974,#2999,#3098,#3187,#3325,#3438,#3541,#3614));
#17 = ADVANCED_FACE('',(#18,#88,#99,#110,#121,#226),#237,.T.);
#18 = FACE_BOUND('',#19,.T.);
#19 = EDGE_LOOP('',(#20,#30,#39,#47,#56,#64,#73,#81));
#20 = ORIENTED_EDGE('',*,*,#21,.T.);
#21 = EDGE_CURVE('',#22,#24,#26,.T.);
#22 = VERTEX_POINT('',#23);
#23 = CARTESIAN_POINT('',(-20.,19.5,0.));
#24 = VERTEX_POINT('',#25);
#25 = CARTESIAN_POINT('',(-20.,-19.5,0.));
#26 = LINE('',#27,#28);
#27 = CARTESIAN_POINT('',(-20.,19.5,0.));
#28 = VECTOR('',#29,1.);
#29 = DIRECTION('',(0.,-1.,0.));
#30 = ORIENTED_EDGE('',*,*,#31,.T.);
#31 = EDGE_CURVE('',#24,#32,#34,.T.);
#32 = VERTEX_POINT('',#33);
#33 = CARTESIAN_POINT('',(-19.5,-20.,0.));
#34 = CIRCLE('',#35,0.5);
#35 = AXIS2_PLACEMENT_3D('',#36,#37,#38);
#36 = CARTESIAN_POINT('',(-19.5,-19.5,0.));
#37 = DIRECTION('',(0.,0.,1.));
#38 = DIRECTION('',(1.,0.,0.));
#39 = ORIENTED_EDGE('',*,*,#40,.T.);
#40 = EDGE_CURVE('',#32,#41,#43,.T.);
#41 = VERTEX_POINT('',#42);
#42 = CARTESIAN_POINT('',(19.5,-20.,0.));
#43 = LINE('',#44,#45);
#44 = CARTESIAN_POINT('',(-19.5,-20.,0.));
#45 = VECTOR('',#46,1.);
#46 = DIRECTION('',(1.,0.,0.));
#47 = ORIENTED_EDGE('',*,*,#48,.T.);
#48 = EDGE_CURVE('',#41,#49,#51,.T.);
#49 = VERTEX_POINT('',#50);
#50 = CARTESIAN_POINT('',(20.,-19.5,0.));
#51 = CIRCLE('',#52,0.5);
#52 = AXIS2_PLACEMENT_3D('',#53,#54,#55);
#53 = CARTESIAN_POINT('',(19.5,-19.5,0.));
#54 = DIRECTION('',(0.,0.,1.));
#55 = DIRECTION('',(1.,0.,0.));
#56 = ORIENTED_EDGE('',*,*,#57,.T.);
#57 = EDGE_CURVE('',#49,#58,#60,.T.);
#58 = VERTEX_POINT('',#59);
#59 = CARTESIAN_POINT('',(20.,19.5,0.));
#60 = LINE('',#61,#62);
#61 = CARTESIAN_POINT('',(20.,-19.5,0.));
#62 = VECTOR('',#63,1.);
#63 = DIRECTION('',(0.,1.,0.));
#64 = ORIENTED_EDGE('',*,*,#65,.T.);
#65 = EDGE_CURVE('',#58,#66,#68,.T.);
#66 = VERTEX_POINT('',#67);
#67 = CARTESIAN_POINT('',(19.5,20.,0.));
#68 = CIRCLE('',#69,0.5);
#69 = AXIS2_PLACEMENT_3D('',#70,#71,#72);
#70 = CARTESIAN_POINT('',(19.5,19.5,0.));
#71 = DIRECTION('',(0.,0.,1.));
#72 = DIRECTION('',(1.,0.,0.));
#73 = ORIENTED_EDGE('',*,*,#74,.T.);
#74 = EDGE_CURVE('',#66,#75,#77,.T.);
#75 = VERTEX_POINT('',#76);
#76 = CARTESIAN_POINT('',(-19.5,20.,0.));
#77 = LINE('',#78,#79);
#78 = CARTESIAN_POINT('',(19.5,20.,0.));
#79 = VECTOR('',#80,1.);
#80 = DIRECTION('',(-1.,0.,0.));
#81 = ORIENTED_EDGE('',*,*,#82,.T.);
#82 = EDGE_CURVE('',#75,#22,#83,.T.);
#83 = CIRCLE('',#84,0.5);
#84 = AXIS2_PLACEMENT_3D('',#85,#86,#87);
#85 = CARTESIAN_POINT('',(-19.5,19.5,0.));
#86 = DIRECTION('',(0.,0.,1.));
#87 = DIRECTION('',(1.,0.,0.));
#88 = FACE_BOUND('',#89,.T.);
#89 = EDGE_LOOP('',(#90));
#90 = ORIENTED_EDGE('',*,*,#91,.F.);
#91 = EDGE_CURVE('',#92,#92,#94,.T.);
#92 = VERTEX_POINT('',#93);
#93 = CARTESIAN_POINT('',(-19.28,-15.88,0.));
#94 = CIRCLE('',#95,3.4);
#95 = AXIS2_PLACEMENT_3D('',#96,#97,#98);
#96 = CARTESIAN_POINT('',(-15.88,-15.88,0.));
#97 = DIRECTION('',(0.,0.,1.));
#98 = DIRECTION('',(-1.,0.,0.));
#99 = FACE_BOUND('',#100,.T.);
#100 = EDGE_LOOP('',(#101));
#101 = ORIENTED_EDGE('',*,*,#102,.F.);
#102 = EDGE_CURVE('',#103,#103,#105,.T.);
#103 = VERTEX_POINT('',#104);
#104 = CARTESIAN_POINT('',(15.88,-19.28,0.));
#105 = CIRCLE('',#106,3.4);
#106 = AXIS2_PLACEMENT_3D('',#107,#108,#109);
#107 = CARTESIAN_POINT('',(15.88,-15.88,0.));
#108 = DIRECTION('',(-0.,0.,1.));
#109 = DIRECTION('',(0.,-1.,0.));
#110 = FACE_BOUND('',#111,.T.);
#111 = EDGE_LOOP('',(#112));
#112 = ORIENTED_EDGE('',*,*,#113,.F.);
#113 = EDGE_CURVE('',#114,#114,#116,.T.);
#114 = VERTEX_POINT('',#115);
#115 = CARTESIAN_POINT('',(-15.88,19.28,0.));
#116 = CIRCLE('',#117,3.4);
#117 = AXIS2_PLACEMENT_3D('',#118,#119,#120);
#118 = CARTESIAN_POINT('',(-15.88,15.88,0.));
#119 = DIRECTION('',(0.,-0.,1.));
#120 = DIRECTION('',(0.,1.,0.));
#121 = FACE_BOUND('',#122,.T.);
#122 = EDGE_LOOP('',(#123,#134,#161,#192,#219));
#123 = ORIENTED_EDGE('',*,*,#124,.F.);
#124 = EDGE_CURVE('',#125,#127,#129,.T.);
#125 = VERTEX_POINT('',#126);
#126 = CARTESIAN_POINT('',(-1.455458423431,2.093832194413,
    -4.51461784623E-16));
#127 = VERTEX_POINT('',#128);
#128 = CARTESIAN_POINT('',(-2.55,0.,0.));
#129 = CIRCLE('',#130,2.55);
#130 = AXIS2_PLACEMENT_3D('',#131,#132,#133);
#131 = CARTESIAN_POINT('',(0.,0.,0.));
#132 = DIRECTION('',(0.,-0.,1.));
#133 = DIRECTION('',(-1.,0.,0.));
#134 = ORIENTED_EDGE('',*,*,#135,.T.);
#135 = EDGE_CURVE('',#125,#136,#138,.T.);
#136 = VERTEX_POINT('',#137);
#137 = CARTESIAN_POINT('',(2.93334876986,1.215032671009,
    -8.153200337091E-17));
#138 = B_SPLINE_CURVE_WITH_KNOTS('',6,(#139,#140,#141,#142,#143,#144,
    #145,#146,#147,#148,#149,#150,#151,#152,#153,#154,#155,#156,#157,
    #158,#159,#160),.UNSPECIFIED.,.F.,.F.,(7,5,5,5,7),(0.,0.209616237707
    ,0.442630226148,0.704143044331,1.),.UNSPECIFIED.);
#139 = CARTESIAN_POINT('',(-1.45607689358,2.09326286195,0.));
#140 = CARTESIAN_POINT('',(-1.325774682364,2.213246821198,0.));
#141 = CARTESIAN_POINT('',(-1.185152172951,2.322480842667,0.));
#142 = CARTESIAN_POINT('',(-1.035465205846,2.419967992108,0.));
#143 = CARTESIAN_POINT('',(-0.878051170516,2.504945395816,0.));
#144 = CARTESIAN_POINT('',(-0.714291977984,2.576839725851,0.));
#145 = CARTESIAN_POINT('',(-0.358110206992,2.700237770805,0.));
#146 = CARTESIAN_POINT('',(-0.164505175314,2.748577663589,0.));
#147 = CARTESIAN_POINT('',(3.324681834289E-02,2.779778004113,0.));
#148 = CARTESIAN_POINT('',(0.233218919119,2.793651241639,0.));
#149 = CARTESIAN_POINT('',(0.433532289333,2.790260685855,0.));
#150 = CARTESIAN_POINT('',(0.855504983531,2.747131110299,0.));
#151 = CARTESIAN_POINT('',(1.076814872851,2.702993348276,0.));
#152 = CARTESIAN_POINT('',(1.293712736525,2.637982061337,0.));
#153 = CARTESIAN_POINT('',(1.50385180625,2.552956224574,0.));
#154 = CARTESIAN_POINT('',(1.705090731776,2.449052655533,0.));
#155 = CARTESIAN_POINT('',(2.110942189414,2.19044372641,0.));
#156 = CARTESIAN_POINT('',(2.312573990961,2.030828409846,0.));
#157 = CARTESIAN_POINT('',(2.49763052943,1.850938097865,0.));
#158 = CARTESIAN_POINT('',(2.66389113747,1.653205908758,0.));
#159 = CARTESIAN_POINT('',(2.809565250254,1.440274541674,0.));
#160 = CARTESIAN_POINT('',(2.933348822517,1.215032629153,0.));
#161 = ORIENTED_EDGE('',*,*,#162,.T.);
#162 = EDGE_CURVE('',#136,#163,#165,.T.);
#163 = VERTEX_POINT('',#164);
#164 = CARTESIAN_POINT('',(2.933341998842,-1.215029694985,
    3.478120569333E-16));
#165 = B_SPLINE_CURVE_WITH_KNOTS('',5,(#166,#167,#168,#169,#170,#171,
    #172,#173,#174,#175,#176,#177,#178,#179,#180,#181,#182,#183,#184,
    #185,#186,#187,#188,#189,#190,#191),.UNSPECIFIED.,.F.,.F.,(6,4,4,4,4
    ,4,6),(0.,0.429999760398,0.857999262255,0.873999349446,
    0.890999440932,0.925999625596,1.),.UNSPECIFIED.);
#166 = CARTESIAN_POINT('',(2.93334876986,1.215032671009,0.));
#167 = CARTESIAN_POINT('',(3.015415090597,1.016903050313,0.));
#168 = CARTESIAN_POINT('',(3.080755705064,0.811837586573,0.));
#169 = CARTESIAN_POINT('',(3.128583885896,0.601739604372,0.));
#170 = CARTESIAN_POINT('',(3.158446994819,0.388597794803,0.));
#171 = CARTESIAN_POINT('',(3.181959149117,-3.866482063498E-02,0.));
#172 = CARTESIAN_POINT('',(3.175776809423,-0.252790933869,0.));
#173 = CARTESIAN_POINT('',(3.151573291626,-0.465882196981,0.));
#174 = CARTESIAN_POINT('',(3.109575421798,-0.675940257217,0.));
#175 = CARTESIAN_POINT('',(3.04813107103,-0.888680081273,0.));
#176 = CARTESIAN_POINT('',(3.045892761646,-0.896339473938,0.));
#177 = CARTESIAN_POINT('',(3.043630396966,-0.903991809542,0.));
#178 = CARTESIAN_POINT('',(3.041344006754,-0.911636987385,0.));
#179 = CARTESIAN_POINT('',(3.036578837147,-0.927390195941,0.));
#180 = CARTESIAN_POINT('',(3.034096964632,-0.935497291021,0.));
#181 = CARTESIAN_POINT('',(3.031588040326,-0.943596071628,0.));
#182 = CARTESIAN_POINT('',(3.029052101493,-0.951686417449,0.));
#183 = CARTESIAN_POINT('',(3.021212596455,-0.976407188075,0.));
#184 = CARTESIAN_POINT('',(3.015821660141,-0.993009905859,0.));
#185 = CARTESIAN_POINT('',(3.010316709497,-1.009575313917,0.));
#186 = CARTESIAN_POINT('',(3.004698091095,-1.026102369156,0.));
#187 = CARTESIAN_POINT('',(2.986847240804,-1.077449658345,0.));
#188 = CARTESIAN_POINT('',(2.974221810773,-1.112133198372,0.));
#189 = CARTESIAN_POINT('',(2.961093287838,-1.146630837028,0.));
#190 = CARTESIAN_POINT('',(2.947465366279,-1.18093286536,0.));
#191 = CARTESIAN_POINT('',(2.933342022576,-1.215029681758,0.));
#192 = ORIENTED_EDGE('',*,*,#193,.T.);
#193 = EDGE_CURVE('',#163,#194,#196,.T.);
#194 = VERTEX_POINT('',#195);
#195 = CARTESIAN_POINT('',(-1.45455290565,-2.094464959446,
    4.614364446098E-16));
#196 = B_SPLINE_CURVE_WITH_KNOTS('',6,(#197,#198,#199,#200,#201,#202,
    #203,#204,#205,#206,#207,#208,#209,#210,#211,#212,#213,#214,#215,
    #216,#217,#218),.UNSPECIFIED.,.F.,.F.,(7,5,5,5,7),(0.,0.295856545601
    ,0.557369236366,0.7903833355,1.),.UNSPECIFIED.);
#197 = CARTESIAN_POINT('',(2.933341998842,-1.215029694985,0.));
#198 = CARTESIAN_POINT('',(2.809581872402,-1.440215621434,0.));
#199 = CARTESIAN_POINT('',(2.663941655144,-1.653096043946,0.));
#200 = CARTESIAN_POINT('',(2.497724539589,-1.850784364454,0.));
#201 = CARTESIAN_POINT('',(2.312719822644,-2.030639690187,0.));
#202 = CARTESIAN_POINT('',(2.111146548834,-2.19023053157,0.));
#203 = CARTESIAN_POINT('',(1.705413732251,-2.448815540262,0.));
#204 = CARTESIAN_POINT('',(1.504233960335,-2.552717040729,0.));
#205 = CARTESIAN_POINT('',(1.294156108481,-2.637750775398,0.));
#206 = CARTESIAN_POINT('',(1.077319853531,-2.702780411075,0.));
#207 = CARTESIAN_POINT('',(0.856070162232,-2.746947122515,0.));
#208 = CARTESIAN_POINT('',(0.4342047803,-2.790150855367,0.));
#209 = CARTESIAN_POINT('',(0.233939244798,-2.793584476516,0.));
#210 = CARTESIAN_POINT('',(3.401101487446E-02,-2.7797621749,0.));
#211 = CARTESIAN_POINT('',(-0.163702350153,-2.748620129404,0.));
#212 = CARTESIAN_POINT('',(-0.357275214438,-2.700345165853,0.));
#213 = CARTESIAN_POINT('',(-0.713410600423,-2.577081230626,0.));
#214 = CARTESIAN_POINT('',(-0.87715409671,-2.505254956854,0.));
#215 = CARTESIAN_POINT('',(-1.034559394219,-2.42034953816,0.));
#216 = CARTESIAN_POINT('',(-1.184245336334,-2.322937507638,0.));
#217 = CARTESIAN_POINT('',(-1.324875255533,-2.213780853495,0.));
#218 = CARTESIAN_POINT('',(-1.455193883045,-2.09387540751,0.));
#219 = ORIENTED_EDGE('',*,*,#220,.F.);
#220 = EDGE_CURVE('',#127,#194,#221,.T.);
#221 = CIRCLE('',#222,2.55);
#222 = AXIS2_PLACEMENT_3D('',#223,#224,#225);
#223 = CARTESIAN_POINT('',(0.,0.,0.));
#224 = DIRECTION('',(0.,-0.,1.));
#225 = DIRECTION('',(-1.,0.,0.));
#226 = FACE_BOUND('',#227,.T.);
#227 = EDGE_LOOP('',(#228));
#228 = ORIENTED_EDGE('',*,*,#229,.F.);
#229 = EDGE_CURVE('',#230,#230,#232,.T.);
#230 = VERTEX_POINT('',#231);
#231 = CARTESIAN_POINT('',(19.28,15.88,0.));
#232 = CIRCLE('',#233,3.4);
#233 = AXIS2_PLACEMENT_3D('',#234,#235,#236);
#234 = CARTESIAN_POINT('',(15.88,15.88,0.));
#235 = DIRECTION('',(0.,0.,1.));
#236 = DIRECTION('',(1.,0.,0.));
#237 = PLANE('',#238);
#238 = AXIS2_PLACEMENT_3D('',#239,#240,#241);
#239 = CARTESIAN_POINT('',(-9.489930867611E-17,1.032727770887E-16,0.));
#240 = DIRECTION('',(0.,0.,1.));
#241 = DIRECTION('',(1.,0.,0.));
#242 = ADVANCED_FACE('',(#243),#268,.T.);
#243 = FACE_BOUND('',#244,.T.);
#244 = EDGE_LOOP('',(#245,#253,#261,#267));
#245 = ORIENTED_EDGE('',*,*,#246,.T.);
#246 = EDGE_CURVE('',#22,#247,#249,.T.);
#247 = VERTEX_POINT('',#248);
#248 = CARTESIAN_POINT('',(-20.,19.5,-12.7));
#249 = LINE('',#250,#251);
#250 = CARTESIAN_POINT('',(-20.,19.5,0.));
#251 = VECTOR('',#252,1.);
#252 = DIRECTION('',(-0.,-0.,-1.));
#253 = ORIENTED_EDGE('',*,*,#254,.T.);
#254 = EDGE_CURVE('',#247,#255,#257,.T.);
#255 = VERTEX_POINT('',#256);
#256 = CARTESIAN_POINT('',(-20.,-19.5,-12.7));
#257 = LINE('',#258,#259);
#258 = CARTESIAN_POINT('',(-20.,19.5,-12.7));
#259 = VECTOR('',#260,1.);
#260 = DIRECTION('',(0.,-1.,0.));
#261 = ORIENTED_EDGE('',*,*,#262,.F.);
#262 = EDGE_CURVE('',#24,#255,#263,.T.);
#263 = LINE('',#264,#265);
#264 = CARTESIAN_POINT('',(-20.,-19.5,0.));
#265 = VECTOR('',#266,1.);
#266 = DIRECTION('',(-0.,-0.,-1.));
#267 = ORIENTED_EDGE('',*,*,#21,.F.);
#268 = PLANE('',#269);
#269 = AXIS2_PLACEMENT_3D('',#270,#271,#272);
#270 = CARTESIAN_POINT('',(-20.,19.5,0.));
#271 = DIRECTION('',(-1.,0.,0.));
#272 = DIRECTION('',(0.,-1.,0.));
#273 = ADVANCED_FACE('',(#274),#293,.T.);
#274 = FACE_BOUND('',#275,.T.);
#275 = EDGE_LOOP('',(#276,#284,#291,#292));
#276 = ORIENTED_EDGE('',*,*,#277,.T.);
#277 = EDGE_CURVE('',#75,#278,#280,.T.);
#278 = VERTEX_POINT('',#279);
#279 = CARTESIAN_POINT('',(-19.5,20.,-12.7));
#280 = LINE('',#281,#282);
#281 = CARTESIAN_POINT('',(-19.5,20.,0.));
#282 = VECTOR('',#283,1.);
#283 = DIRECTION('',(-0.,-0.,-1.));
#284 = ORIENTED_EDGE('',*,*,#285,.T.);
#285 = EDGE_CURVE('',#278,#247,#286,.T.);
#286 = CIRCLE('',#287,0.5);
#287 = AXIS2_PLACEMENT_3D('',#288,#289,#290);
#288 = CARTESIAN_POINT('',(-19.5,19.5,-12.7));
#289 = DIRECTION('',(0.,0.,1.));
#290 = DIRECTION('',(1.,0.,0.));
#291 = ORIENTED_EDGE('',*,*,#246,.F.);
#292 = ORIENTED_EDGE('',*,*,#82,.F.);
#293 = CYLINDRICAL_SURFACE('',#294,0.5);
#294 = AXIS2_PLACEMENT_3D('',#295,#296,#297);
#295 = CARTESIAN_POINT('',(-19.5,19.5,0.));
#296 = DIRECTION('',(0.,0.,1.));
#297 = DIRECTION('',(1.,0.,0.));
#298 = ADVANCED_FACE('',(#299),#318,.T.);
#299 = FACE_BOUND('',#300,.T.);
#300 = EDGE_LOOP('',(#301,#302,#311,#317));
#301 = ORIENTED_EDGE('',*,*,#262,.T.);
#302 = ORIENTED_EDGE('',*,*,#303,.T.);
#303 = EDGE_CURVE('',#255,#304,#306,.T.);
#304 = VERTEX_POINT('',#305);
#305 = CARTESIAN_POINT('',(-19.5,-20.,-12.7));
#306 = CIRCLE('',#307,0.5);
#307 = AXIS2_PLACEMENT_3D('',#308,#309,#310);
#308 = CARTESIAN_POINT('',(-19.5,-19.5,-12.7));
#309 = DIRECTION('',(0.,0.,1.));
#310 = DIRECTION('',(1.,0.,0.));
#311 = ORIENTED_EDGE('',*,*,#312,.F.);
#312 = EDGE_CURVE('',#32,#304,#313,.T.);
#313 = LINE('',#314,#315);
#314 = CARTESIAN_POINT('',(-19.5,-20.,0.));
#315 = VECTOR('',#316,1.);
#316 = DIRECTION('',(-0.,-0.,-1.));
#317 = ORIENTED_EDGE('',*,*,#31,.F.);
#318 = CYLINDRICAL_SURFACE('',#319,0.5);
#319 = AXIS2_PLACEMENT_3D('',#320,#321,#322);
#320 = CARTESIAN_POINT('',(-19.5,-19.5,0.));
#321 = DIRECTION('',(0.,0.,1.));
#322 = DIRECTION('',(1.,0.,0.));
#323 = ADVANCED_FACE('',(#324),#342,.T.);
#324 = FACE_BOUND('',#325,.T.);
#325 = EDGE_LOOP('',(#326,#334,#340,#341));
#326 = ORIENTED_EDGE('',*,*,#327,.T.);
#327 = EDGE_CURVE('',#66,#328,#330,.T.);
#328 = VERTEX_POINT('',#329);
#329 = CARTESIAN_POINT('',(19.5,20.,-12.7));
#330 = LINE('',#331,#332);
#331 = CARTESIAN_POINT('',(19.5,20.,0.));
#332 = VECTOR('',#333,1.);
#333 = DIRECTION('',(-0.,-0.,-1.));
#334 = ORIENTED_EDGE('',*,*,#335,.T.);
#335 = EDGE_CURVE('',#328,#278,#336,.T.);
#336 = LINE('',#337,#338);
#337 = CARTESIAN_POINT('',(19.5,20.,-12.7));
#338 = VECTOR('',#339,1.);
#339 = DIRECTION('',(-1.,0.,0.));
#340 = ORIENTED_EDGE('',*,*,#277,.F.);
#341 = ORIENTED_EDGE('',*,*,#74,.F.);
#342 = PLANE('',#343);
#343 = AXIS2_PLACEMENT_3D('',#344,#345,#346);
#344 = CARTESIAN_POINT('',(19.5,20.,0.));
#345 = DIRECTION('',(0.,1.,0.));
#346 = DIRECTION('',(-1.,0.,0.));
#347 = ADVANCED_FACE('',(#348),#366,.T.);
#348 = FACE_BOUND('',#349,.T.);
#349 = EDGE_LOOP('',(#350,#351,#359,#365));
#350 = ORIENTED_EDGE('',*,*,#312,.T.);
#351 = ORIENTED_EDGE('',*,*,#352,.T.);
#352 = EDGE_CURVE('',#304,#353,#355,.T.);
#353 = VERTEX_POINT('',#354);
#354 = CARTESIAN_POINT('',(19.5,-20.,-12.7));
#355 = LINE('',#356,#357);
#356 = CARTESIAN_POINT('',(-19.5,-20.,-12.7));
#357 = VECTOR('',#358,1.);
#358 = DIRECTION('',(1.,0.,0.));
#359 = ORIENTED_EDGE('',*,*,#360,.F.);
#360 = EDGE_CURVE('',#41,#353,#361,.T.);
#361 = LINE('',#362,#363);
#362 = CARTESIAN_POINT('',(19.5,-20.,0.));
#363 = VECTOR('',#364,1.);
#364 = DIRECTION('',(-0.,-0.,-1.));
#365 = ORIENTED_EDGE('',*,*,#40,.F.);
#366 = PLANE('',#367);
#367 = AXIS2_PLACEMENT_3D('',#368,#369,#370);
#368 = CARTESIAN_POINT('',(-19.5,-20.,0.));
#369 = DIRECTION('',(0.,-1.,0.));
#370 = DIRECTION('',(1.,0.,0.));
#371 = ADVANCED_FACE('',(#372),#391,.T.);
#372 = FACE_BOUND('',#373,.T.);
#373 = EDGE_LOOP('',(#374,#382,#389,#390));
#374 = ORIENTED_EDGE('',*,*,#375,.T.);
#375 = EDGE_CURVE('',#58,#376,#378,.T.);
#376 = VERTEX_POINT('',#377);
#377 = CARTESIAN_POINT('',(20.,19.5,-12.7));
#378 = LINE('',#379,#380);
#379 = CARTESIAN_POINT('',(20.,19.5,0.));
#380 = VECTOR('',#381,1.);
#381 = DIRECTION('',(-0.,-0.,-1.));
#382 = ORIENTED_EDGE('',*,*,#383,.T.);
#383 = EDGE_CURVE('',#376,#328,#384,.T.);
#384 = CIRCLE('',#385,0.5);
#385 = AXIS2_PLACEMENT_3D('',#386,#387,#388);
#386 = CARTESIAN_POINT('',(19.5,19.5,-12.7));
#387 = DIRECTION('',(0.,0.,1.));
#388 = DIRECTION('',(1.,0.,0.));
#389 = ORIENTED_EDGE('',*,*,#327,.F.);
#390 = ORIENTED_EDGE('',*,*,#65,.F.);
#391 = CYLINDRICAL_SURFACE('',#392,0.5);
#392 = AXIS2_PLACEMENT_3D('',#393,#394,#395);
#393 = CARTESIAN_POINT('',(19.5,19.5,0.));
#394 = DIRECTION('',(0.,0.,1.));
#395 = DIRECTION('',(1.,0.,0.));
#396 = ADVANCED_FACE('',(#397),#416,.T.);
#397 = FACE_BOUND('',#398,.T.);
#398 = EDGE_LOOP('',(#399,#400,#409,#415));
#399 = ORIENTED_EDGE('',*,*,#360,.T.);
#400 = ORIENTED_EDGE('',*,*,#401,.T.);
#401 = EDGE_CURVE('',#353,#402,#404,.T.);
#402 = VERTEX_POINT('',#403);
#403 = CARTESIAN_POINT('',(20.,-19.5,-12.7));
#404 = CIRCLE('',#405,0.5);
#405 = AXIS2_PLACEMENT_3D('',#406,#407,#408);
#406 = CARTESIAN_POINT('',(19.5,-19.5,-12.7));
#407 = DIRECTION('',(0.,0.,1.));
#408 = DIRECTION('',(1.,0.,0.));
#409 = ORIENTED_EDGE('',*,*,#410,.F.);
#410 = EDGE_CURVE('',#49,#402,#411,.T.);
#411 = LINE('',#412,#413);
#412 = CARTESIAN_POINT('',(20.,-19.5,0.));
#413 = VECTOR('',#414,1.);
#414 = DIRECTION('',(-0.,-0.,-1.));
#415 = ORIENTED_EDGE('',*,*,#48,.F.);
#416 = CYLINDRICAL_SURFACE('',#417,0.5);
#417 = AXIS2_PLACEMENT_3D('',#418,#419,#420);
#418 = CARTESIAN_POINT('',(19.5,-19.5,0.));
#419 = DIRECTION('',(0.,0.,1.));
#420 = DIRECTION('',(1.,0.,0.));
#421 = ADVANCED_FACE('',(#422),#433,.T.);
#422 = FACE_BOUND('',#423,.T.);
#423 = EDGE_LOOP('',(#424,#425,#431,#432));
#424 = ORIENTED_EDGE('',*,*,#410,.T.);
#425 = ORIENTED_EDGE('',*,*,#426,.T.);
#426 = EDGE_CURVE('',#402,#376,#427,.T.);
#427 = LINE('',#428,#429);
#428 = CARTESIAN_POINT('',(20.,-19.5,-12.7));
#429 = VECTOR('',#430,1.);
#430 = DIRECTION('',(0.,1.,0.));
#431 = ORIENTED_EDGE('',*,*,#375,.F.);
#432 = ORIENTED_EDGE('',*,*,#57,.F.);
#433 = PLANE('',#434);
#434 = AXIS2_PLACEMENT_3D('',#435,#436,#437);
#435 = CARTESIAN_POINT('',(20.,-19.5,0.));
#436 = DIRECTION('',(1.,0.,0.));
#437 = DIRECTION('',(0.,1.,0.));
#438 = ADVANCED_FACE('',(#439),#459,.T.);
#439 = FACE_BOUND('',#440,.T.);
#440 = EDGE_LOOP('',(#441,#450,#451,#452));
#441 = ORIENTED_EDGE('',*,*,#442,.F.);
#442 = EDGE_CURVE('',#92,#443,#445,.T.);
#443 = VERTEX_POINT('',#444);
#444 = CARTESIAN_POINT('',(-18.78,-15.88,-0.5));
#445 = CIRCLE('',#446,0.5);
#446 = AXIS2_PLACEMENT_3D('',#447,#448,#449);
#447 = CARTESIAN_POINT('',(-19.28,-15.88,-0.5));
#448 = DIRECTION('',(0.,1.,-0.));
#449 = DIRECTION('',(-1.,0.,0.));
#450 = ORIENTED_EDGE('',*,*,#91,.T.);
#451 = ORIENTED_EDGE('',*,*,#442,.T.);
#452 = ORIENTED_EDGE('',*,*,#453,.F.);
#453 = EDGE_CURVE('',#443,#443,#454,.T.);
#454 = CIRCLE('',#455,2.9);
#455 = AXIS2_PLACEMENT_3D('',#456,#457,#458);
#456 = CARTESIAN_POINT('',(-15.88,-15.88,-0.5));
#457 = DIRECTION('',(0.,0.,1.));
#458 = DIRECTION('',(-1.,0.,0.));
#459 = TOROIDAL_SURFACE('',#460,3.4,0.5);
#460 = AXIS2_PLACEMENT_3D('',#461,#462,#463);
#461 = CARTESIAN_POINT('',(-15.88,-15.88,-0.5));
#462 = DIRECTION('',(0.,0.,1.));
#463 = DIRECTION('',(-1.,0.,0.));
#464 = ADVANCED_FACE('',(#465),#485,.T.);
#465 = FACE_BOUND('',#466,.T.);
#466 = EDGE_LOOP('',(#467,#476,#477,#478));
#467 = ORIENTED_EDGE('',*,*,#468,.F.);
#468 = EDGE_CURVE('',#103,#469,#471,.T.);
#469 = VERTEX_POINT('',#470);
#470 = CARTESIAN_POINT('',(15.88,-18.78,-0.5));
#471 = CIRCLE('',#472,0.5);
#472 = AXIS2_PLACEMENT_3D('',#473,#474,#475);
#473 = CARTESIAN_POINT('',(15.88,-19.28,-0.5));
#474 = DIRECTION('',(-1.,0.,0.));
#475 = DIRECTION('',(0.,-1.,0.));
#476 = ORIENTED_EDGE('',*,*,#102,.T.);
#477 = ORIENTED_EDGE('',*,*,#468,.T.);
#478 = ORIENTED_EDGE('',*,*,#479,.F.);
#479 = EDGE_CURVE('',#469,#469,#480,.T.);
#480 = CIRCLE('',#481,2.9);
#481 = AXIS2_PLACEMENT_3D('',#482,#483,#484);
#482 = CARTESIAN_POINT('',(15.88,-15.88,-0.5));
#483 = DIRECTION('',(-0.,0.,1.));
#484 = DIRECTION('',(0.,-1.,0.));
#485 = TOROIDAL_SURFACE('',#486,3.4,0.5);
#486 = AXIS2_PLACEMENT_3D('',#487,#488,#489);
#487 = CARTESIAN_POINT('',(15.88,-15.88,-0.5));
#488 = DIRECTION('',(0.,0.,1.));
#489 = DIRECTION('',(0.,-1.,0.));
#490 = ADVANCED_FACE('',(#491),#511,.T.);
#491 = FACE_BOUND('',#492,.T.);
#492 = EDGE_LOOP('',(#493,#502,#503,#504));
#493 = ORIENTED_EDGE('',*,*,#494,.F.);
#494 = EDGE_CURVE('',#114,#495,#497,.T.);
#495 = VERTEX_POINT('',#496);
#496 = CARTESIAN_POINT('',(-15.88,18.78,-0.5));
#497 = CIRCLE('',#498,0.5);
#498 = AXIS2_PLACEMENT_3D('',#499,#500,#501);
#499 = CARTESIAN_POINT('',(-15.88,19.28,-0.5));
#500 = DIRECTION('',(1.,0.,0.));
#501 = DIRECTION('',(0.,1.,0.));
#502 = ORIENTED_EDGE('',*,*,#113,.T.);
#503 = ORIENTED_EDGE('',*,*,#494,.T.);
#504 = ORIENTED_EDGE('',*,*,#505,.F.);
#505 = EDGE_CURVE('',#495,#495,#506,.T.);
#506 = CIRCLE('',#507,2.9);
#507 = AXIS2_PLACEMENT_3D('',#508,#509,#510);
#508 = CARTESIAN_POINT('',(-15.88,15.88,-0.5));
#509 = DIRECTION('',(0.,-0.,1.));
#510 = DIRECTION('',(0.,1.,0.));
#511 = TOROIDAL_SURFACE('',#512,3.4,0.5);
#512 = AXIS2_PLACEMENT_3D('',#513,#514,#515);
#513 = CARTESIAN_POINT('',(-15.88,15.88,-0.5));
#514 = DIRECTION('',(0.,0.,1.));
#515 = DIRECTION('',(0.,1.,0.));
#516 = ADVANCED_FACE('',(#517),#716,.F.);
#517 = FACE_BOUND('',#518,.T.);
#518 = EDGE_LOOP('',(#519,#612,#620,#709,#710));
#519 = ORIENTED_EDGE('',*,*,#520,.F.);
#520 = EDGE_CURVE('',#521,#523,#525,.T.);
#521 = VERTEX_POINT('',#522);
#522 = CARTESIAN_POINT('',(-2.550000000002,-8.191156291154E-07,
    -1.464802184651));
#523 = VERTEX_POINT('',#524);
#524 = CARTESIAN_POINT('',(-2.550000000003,-9.1012914851E-07,
    -0.194804529415));
#525 = B_SPLINE_CURVE_WITH_KNOTS('',7,(#526,#527,#528,#529,#530,#531,
    #532,#533,#534,#535,#536,#537,#538,#539,#540,#541,#542,#543,#544,
    #545,#546,#547,#548,#549,#550,#551,#552,#553,#554,#555,#556,#557,
    #558,#559,#560,#561,#562,#563,#564,#565,#566,#567,#568,#569,#570,
    #571,#572,#573,#574,#575,#576,#577,#578,#579,#580,#581,#582,#583,
    #584,#585,#586,#587,#588,#589,#590,#591,#592,#593,#594,#595,#596,
    #597,#598,#599,#600,#601,#602,#603,#604,#605,#606,#607,#608,#609,
    #610,#611),.UNSPECIFIED.,.F.,.F.,(8,6,6,6,6,6,6,6,6,6,6,6,6,6,8),(0.
    ,3.378378684189E-02,0.136949471875,0.218951675562,0.272844542973,
    0.38087755679,0.497052487309,0.531784159635,0.631782692588,
    0.737461517215,0.785853477674,0.869805359894,0.956035164054,
    0.98592418207,1.),.UNSPECIFIED.);
#526 = CARTESIAN_POINT('',(-2.550000000004,-1.638231146739E-06,
    -1.464802184651));
#527 = CARTESIAN_POINT('',(-2.550000000004,-7.732421081628E-02,
    -1.45867368951));
#528 = CARTESIAN_POINT('',(-2.547264594933,-0.154646779868,
    -1.452544761536));
#529 = CARTESIAN_POINT('',(-2.541793846711,-0.231852762012,
    -1.446415593418));
#530 = CARTESIAN_POINT('',(-2.533593935996,-0.308826212176,
    -1.440286331428));
#531 = CARTESIAN_POINT('',(-2.522677162175,-0.385451823587,
    -1.434157075416));
#532 = CARTESIAN_POINT('',(-2.509061943372,-0.46161492777,
    -1.428027878815));
#533 = CARTESIAN_POINT('',(-2.443030644371,-0.768020495915,
    -1.403182199305));
#534 = CARTESIAN_POINT('',(-2.36833996972,-0.993527907298,
    -1.384461399716));
#535 = CARTESIAN_POINT('',(-2.269399608098,-1.210373175954,
    -1.365745443748));
#536 = CARTESIAN_POINT('',(-2.147466227427,-1.415474530112,
    -1.347031755311));
#537 = CARTESIAN_POINT('',(-2.004230573878,-1.605987263566,
    -1.328315050753));
#538 = CARTESIAN_POINT('',(-1.841799714266,-1.779334530205,
    -1.309594424327));
#539 = CARTESIAN_POINT('',(-1.520494019729,-2.055682048729,
    -1.276002075422));
#540 = CARTESIAN_POINT('',(-1.36767877535,-2.165858558741,
    -1.261123854007));
#541 = CARTESIAN_POINT('',(-1.205622494101,-2.262718906712,
    -1.246246739085));
#542 = CARTESIAN_POINT('',(-1.035724984161,-2.34535635517,
    -1.231370392556));
#543 = CARTESIAN_POINT('',(-0.859479595262,-2.41304456263,
    -1.216493377896));
#544 = CARTESIAN_POINT('',(-0.678463832532,-2.465242143841,
    -1.201615270311));
#545 = CARTESIAN_POINT('',(-0.373338022667,-2.525537804167,
    -1.176961783498));
#546 = CARTESIAN_POINT('',(-0.2509802622,-2.542621274242,-1.167184597558
    ));
#547 = CARTESIAN_POINT('',(-0.127737234407,-2.552784369542,
    -1.157407546071));
#548 = CARTESIAN_POINT('',(-4.078499733534E-03,-2.555975006034,
    -1.14763056054));
#549 = CARTESIAN_POINT('',(0.119524705216,-2.552181018939,
    -1.137853448597));
#550 = CARTESIAN_POINT('',(0.242600754621,-2.541430196708,
    -1.128076151761));
#551 = CARTESIAN_POINT('',(0.609395388526,-2.488429613762,
    -1.098699845165));
#552 = CARTESIAN_POINT('',(0.850191553206,-2.425373504997,
    -1.079094280037));
#553 = CARTESIAN_POINT('',(1.083158177597,-2.33515660405,-1.059493136146
    ));
#554 = CARTESIAN_POINT('',(1.304675378067,-2.219010966983,
    -1.039894841082));
#555 = CARTESIAN_POINT('',(1.51137727357,-2.078701439318,-1.020293731265
    ));
#556 = CARTESIAN_POINT('',(1.700191863178,-1.916504708938,
    -1.000688297474));
#557 = CARTESIAN_POINT('',(2.04940165036,-1.54050532648,-0.960013360191)
  );
#558 = CARTESIAN_POINT('',(2.206724230096,-1.323582329789,
    -0.938928577744));
#559 = CARTESIAN_POINT('',(2.337033736722,-1.088143270766,
    -0.917851582886));
#560 = CARTESIAN_POINT('',(2.437846149674,-0.838264805745,-0.89677724641
    ));
#561 = CARTESIAN_POINT('',(2.507399663028,-0.578313791736,
    -0.875700211584));
#562 = CARTESIAN_POINT('',(2.544653733994,-0.312949305773,
    -0.854615364288));
#563 = CARTESIAN_POINT('',(2.551033236879,3.237564325743E-02,
    -0.827238338454));
#564 = CARTESIAN_POINT('',(2.549610995395,0.1119071183,-0.820937381555)
  );
#565 = CARTESIAN_POINT('',(2.545295941286,0.191365548729,-0.814636387862
    ));
#566 = CARTESIAN_POINT('',(2.538092626308,0.27062476452,-0.808335361985)
  );
#567 = CARTESIAN_POINT('',(2.528012460645,0.349559223628,-0.802034309449
    ));
#568 = CARTESIAN_POINT('',(2.515073712907,0.428044011994,-0.795733236697
    ));
#569 = CARTESIAN_POINT('',(2.453890591691,0.730273695294,-0.771290228314
    ));
#570 = CARTESIAN_POINT('',(2.38497982751,0.949891238529,-0.753143884104)
  );
#571 = CARTESIAN_POINT('',(2.29316788908,1.161754009904,-0.735000614168)
  );
#572 = CARTESIAN_POINT('',(2.179546825274,1.363035687649,-0.71685944114)
  );
#573 = CARTESIAN_POINT('',(2.045597753297,1.551112478489,-0.698716498481
    ));
#574 = CARTESIAN_POINT('',(1.893176191464,1.723589077995,-0.680570668685
    ));
#575 = CARTESIAN_POINT('',(1.546421379756,2.041953763193,-0.643257383671
    ));
#576 = CARTESIAN_POINT('',(1.350100639081,2.185865358669,-0.624080101765
    ));
#577 = CARTESIAN_POINT('',(1.138322763672,2.307597124759,-0.604907085491
    ));
#578 = CARTESIAN_POINT('',(0.91411413627,2.405239760916,-0.585736625763)
  );
#579 = CARTESIAN_POINT('',(0.680735998651,2.477372965072,-0.566563340899
    ));
#580 = CARTESIAN_POINT('',(0.441647714573,2.523081460989,-0.547385742012
    ));
#581 = CARTESIAN_POINT('',(9.011392010398E-02,2.550811243555,
    -0.519434485789));
#582 = CARTESIAN_POINT('',(-2.074177417113E-02,2.553925960447,
    -0.510655174287));
#583 = CARTESIAN_POINT('',(-0.131697534555,2.551418870416,
    -0.501875943027));
#584 = CARTESIAN_POINT('',(-0.242411482024,2.543289048092,
    -0.493096777754));
#585 = CARTESIAN_POINT('',(-0.352543272889,2.529561488953,
    -0.484317591372));
#586 = CARTESIAN_POINT('',(-0.461754832338,2.510287055289,
    -0.475538371039));
#587 = CARTESIAN_POINT('',(-0.756996967144,2.442614660936,
    -0.451529162892));
#588 = CARTESIAN_POINT('',(-0.940531546855,2.383217703717,
    -0.436297382851));
#589 = CARTESIAN_POINT('',(-1.118536202058,2.307752170509,
    -0.421067141107));
#590 = CARTESIAN_POINT('',(-1.289338445196,2.216855896378,
    -0.405837913115));
#591 = CARTESIAN_POINT('',(-1.451365144496,2.111366025645,
    -0.390607848321));
#592 = CARTESIAN_POINT('',(-1.603152960052,1.992313475133,
    -0.375376225717));
#593 = CARTESIAN_POINT('',(-1.887403799801,1.726021679387,
    -0.344502543731));
#594 = CARTESIAN_POINT('',(-2.019267543127,1.578070769048,-0.32885661644
    ));
#595 = CARTESIAN_POINT('',(-2.137518097886,1.418443579414,
    -0.313211687763));
#596 = CARTESIAN_POINT('',(-2.240943240615,1.248655120418,
    -0.297567012157));
#597 = CARTESIAN_POINT('',(-2.328538315098,1.070354797744,-0.28192111065
    ));
#598 = CARTESIAN_POINT('',(-2.399513356034,0.885314673948,
    -0.266274391555));
#599 = CARTESIAN_POINT('',(-2.471992941443,0.629625627239,
    -0.245208572862));
#600 = CARTESIAN_POINT('',(-2.488589411787,0.563227132088,-0.23978635627
    ));
#601 = CARTESIAN_POINT('',(-2.503104092071,0.496322223102,
    -0.234364303614));
#602 = CARTESIAN_POINT('',(-2.515518699187,0.428989226675,
    -0.228942421163));
#603 = CARTESIAN_POINT('',(-2.525818661328,0.361307147978,
    -0.223520688668));
#604 = CARTESIAN_POINT('',(-2.533993117985,0.293355670961,
    -0.218099059373));
#605 = CARTESIAN_POINT('',(-2.542880222674,0.193125330288,
    -0.210124233083));
#606 = CARTESIAN_POINT('',(-2.545252548512,0.160993540156,
    -0.207571010422));
#607 = CARTESIAN_POINT('',(-2.547151154385,0.12882815615,-0.205017782981
    ));
#608 = CARTESIAN_POINT('',(-2.548575482452,9.663755550576E-02,
    -0.202464538843));
#609 = CARTESIAN_POINT('',(-2.549525160113,6.443012450524E-02,
    -0.199911263205));
#610 = CARTESIAN_POINT('',(-2.550000000004,3.221425847096E-02,
    -0.197357938391));
#611 = CARTESIAN_POINT('',(-2.550000000004,-1.638231258649E-06,
    -0.194804543841));
#612 = ORIENTED_EDGE('',*,*,#613,.T.);
#613 = EDGE_CURVE('',#521,#614,#616,.T.);
#614 = VERTEX_POINT('',#615);
#615 = CARTESIAN_POINT('',(-2.550000000003,-9.101587820738E-07,
    -1.075275912036));
#616 = LINE('',#617,#618);
#617 = CARTESIAN_POINT('',(-2.55,0.,-6.2));
#618 = VECTOR('',#619,1.);
#619 = DIRECTION('',(4.800964430811E-17,0.,1.));
#620 = ORIENTED_EDGE('',*,*,#621,.T.);
#621 = EDGE_CURVE('',#614,#125,#622,.T.);
#622 = B_SPLINE_CURVE_WITH_KNOTS('',7,(#623,#624,#625,#626,#627,#628,
    #629,#630,#631,#632,#633,#634,#635,#636,#637,#638,#639,#640,#641,
    #642,#643,#644,#645,#646,#647,#648,#649,#650,#651,#652,#653,#654,
    #655,#656,#657,#658,#659,#660,#661,#662,#663,#664,#665,#666,#667,
    #668,#669,#670,#671,#672,#673,#674,#675,#676,#677,#678,#679,#680,
    #681,#682,#683,#684,#685,#686,#687,#688,#689,#690,#691,#692,#693,
    #694,#695,#696,#697,#698,#699,#700,#701,#702,#703,#704,#705,#706,
    #707,#708),.UNSPECIFIED.,.F.,.F.,(8,6,6,6,6,6,6,6,6,6,6,6,6,6,8),(0.
    ,2.800181798304E-02,4.772942520688E-02,0.135575414103,0.228491906726
    ,0.296991171436,0.390164643153,0.498615528375,0.606443672014,
    0.635445321672,0.753029817703,0.823032468505,0.876920819501,
    0.960224830938,1.),.UNSPECIFIED.);
#623 = CARTESIAN_POINT('',(-2.550000000005,-1.820317510948E-06,
    -1.075275912036));
#624 = CARTESIAN_POINT('',(-2.550000000005,-6.409111835863E-02,
    -1.070196409281));
#625 = CARTESIAN_POINT('',(-2.548120774055,-0.128180400894,
    -1.065117304607));
#626 = CARTESIAN_POINT('',(-2.544362345898,-0.192203345499,
    -1.060038380736));
#627 = CARTESIAN_POINT('',(-2.538727634109,-0.256093886014,
    -1.054959472615));
#628 = CARTESIAN_POINT('',(-2.531222452091,-0.319786212545,
    -1.04988046741));
#629 = CARTESIAN_POINT('',(-2.52185550808,-0.383214771465,
    -1.044801304507));
#630 = CARTESIAN_POINT('',(-2.502735825351,-0.490768594536,
    -1.036143529025));
#631 = CARTESIAN_POINT('',(-2.49391493372,-0.535059668492,
    -1.032564993921));
#632 = CARTESIAN_POINT('',(-2.484179783541,-0.579164698647,
    -1.028986362095));
#633 = CARTESIAN_POINT('',(-2.473535125173,-0.623061060722,
    -1.025407630212));
#634 = CARTESIAN_POINT('',(-2.461986406038,-0.666726294793,
    -1.021828799709));
#635 = CARTESIAN_POINT('',(-2.449539770622,-0.710138105291,
    -1.018249876797));
#636 = CARTESIAN_POINT('',(-2.376809944446,-0.945357820357,
    -0.998733755917));
#637 = CARTESIAN_POINT('',(-2.299740171125,-1.13200555444,
    -0.982792714261));
#638 = CARTESIAN_POINT('',(-2.20560249234,-1.311215103566,
    -0.966852471896));
#639 = CARTESIAN_POINT('',(-2.095281848044,-1.481135450072,
    -0.950913768189));
#640 = CARTESIAN_POINT('',(-1.969890148269,-1.640053822201,
    -0.934975097348));
#641 = CARTESIAN_POINT('',(-1.830758075596,-1.78640844202,
    -0.919035576045));
#642 = CARTESIAN_POINT('',(-1.519443157311,-2.058889254544,
    -0.886242432739));
#643 = CARTESIAN_POINT('',(-1.345763174607,-2.183406571397,
    -0.869383662849));
#644 = CARTESIAN_POINT('',(-1.16028864981,-2.290733180961,
    -0.852527471877));
#645 = CARTESIAN_POINT('',(-0.965073211541,-2.37957184864,
    -0.835672563022));
#646 = CARTESIAN_POINT('',(-0.76231638238,-2.448921656443,
    -0.818815850754));
#647 = CARTESIAN_POINT('',(-0.554345202302,-2.498086336432,
    -0.801956531878));
#648 = CARTESIAN_POINT('',(-0.188276715443,-2.547869719316,
    -0.772672928227));
#649 = CARTESIAN_POINT('',(-3.140624631006E-02,-2.557854480185,
    -0.760245161664));
#650 = CARTESIAN_POINT('',(0.126014377184,-2.556563157267,
    -0.747817767175));
#651 = CARTESIAN_POINT('',(0.283014412506,-2.543972804078,
    -0.735390633689));
#652 = CARTESIAN_POINT('',(0.438629100886,-2.520160776307,
    -0.722963215661));
#653 = CARTESIAN_POINT('',(0.591903751592,-2.485304409126,
    -0.710535390068));
#654 = CARTESIAN_POINT('',(0.945923504702,-2.377648594728,
    -0.681204841011));
#655 = CARTESIAN_POINT('',(1.143931679857,-2.295688581749,
    -0.664298560295));
#656 = CARTESIAN_POINT('',(1.33352237135,-2.194528496083,-0.647394692535
    ));
#657 = CARTESIAN_POINT('',(1.512491427362,-2.075236533798,
    -0.630492354173));
#658 = CARTESIAN_POINT('',(1.678811267186,-1.939164076895,
    -0.613588587625));
#659 = CARTESIAN_POINT('',(1.830647957232,-1.787934495267,
    -0.596682459708));
#660 = CARTESIAN_POINT('',(2.124444470517,-1.432079471861,
    -0.560104395578));
#661 = CARTESIAN_POINT('',(2.260788582166,-1.222660226574,
    -0.540423011808));
#662 = CARTESIAN_POINT('',(2.372882287097,-0.99829051693,-0.520746060357
    ));
#663 = CARTESIAN_POINT('',(2.458854703491,-0.762356272886,
    -0.501071910788));
#664 = CARTESIAN_POINT('',(2.51738943562,-0.518469973743,-0.481394804055
    ));
#665 = CARTESIAN_POINT('',(2.547740335,-0.270427465446,-0.461713255536)
  );
#666 = CARTESIAN_POINT('',(2.552053627235,0.224559087908,-0.422476452095
    ));
#667 = CARTESIAN_POINT('',(2.526340234402,0.471662501683,-0.402908671214
    ));
#668 = CARTESIAN_POINT('',(2.472699218768,0.715166601865,-0.383345805043
    ));
#669 = CARTESIAN_POINT('',(2.391794189811,0.95132768356,-0.363786142917)
  );
#670 = CARTESIAN_POINT('',(2.284849883168,1.176570785476,-0.344223670932
    ));
#671 = CARTESIAN_POINT('',(2.153637721831,1.387531869086,-0.324656436784
    ));
#672 = CARTESIAN_POINT('',(1.959455471472,1.633228158144,-0.299833835347
    ));
#673 = CARTESIAN_POINT('',(1.916716152458,1.684054720467,-0.294572556174
    ));
#674 = CARTESIAN_POINT('',(1.872440977301,1.733573656289,-0.289311251407
    ));
#675 = CARTESIAN_POINT('',(1.826678091392,1.781729443599,-0.284049920676
    ));
#676 = CARTESIAN_POINT('',(1.77947806657,1.828468866293,-0.278788564344)
  );
#677 = CARTESIAN_POINT('',(1.730893901123,1.873741014177,-0.273527183507
    ));
#678 = CARTESIAN_POINT('',(1.478613876308,2.094903012458,-0.246933907922
    ));
#679 = CARTESIAN_POINT('',(1.254311603981,2.2474719362,-0.225591963905)
  );
#680 = CARTESIAN_POINT('',(1.011888645803,2.37179207818,-0.204257570048)
  );
#681 = CARTESIAN_POINT('',(0.755652491338,2.465421947463,-0.182925690953
    ));
#682 = CARTESIAN_POINT('',(0.49018839549,2.526686018107,-0.161591308541)
  );
#683 = CARTESIAN_POINT('',(0.220363246411,2.554673376505,-0.140249398878
    ));
#684 = CARTESIAN_POINT('',(-0.208895341919,2.546472673308,
    -0.106217737285));
#685 = CARTESIAN_POINT('',(-0.368868446141,2.531670069962,
    -9.351739865366E-02));
#686 = CARTESIAN_POINT('',(-0.527577027059,2.505142847243,
    -8.081771580909E-02));
#687 = CARTESIAN_POINT('',(-0.683993787783,2.467028741799,
    -6.811842539717E-02));
#688 = CARTESIAN_POINT('',(-0.837115126144,2.417572313608,
    -5.541879734093E-02));
#689 = CARTESIAN_POINT('',(-0.985965582468,2.35712385366,
    -4.271862444285E-02));
#690 = CARTESIAN_POINT('',(-1.240179641881,2.231514752686,
    -2.024302535837E-02));
#691 = CARTESIAN_POINT('',(-1.347673173098,2.170638320645,
    -1.046669360467E-02));
#692 = CARTESIAN_POINT('',(-1.451659669637,2.103731942215,
    -6.904711573519E-04));
#693 = CARTESIAN_POINT('',(-1.551734887776,2.031039883826,
    9.085699874028E-03));
#694 = CARTESIAN_POINT('',(-1.647517524885,1.952839102258,
    1.88620005961E-02));
#695 = CARTESIAN_POINT('',(-1.738650264764,1.86943848881,
    2.863847694825E-02));
#696 = CARTESIAN_POINT('',(-1.957977788927,1.644739659118,
    5.352760915827E-02));
#697 = CARTESIAN_POINT('',(-2.079268641267,1.496668185707,
    6.864220869126E-02));
#698 = CARTESIAN_POINT('',(-2.187424815735,1.33823340714,
    8.375556022133E-02));
#699 = CARTESIAN_POINT('',(-2.281408214358,1.170842845989,
    9.886800279951E-02));
#700 = CARTESIAN_POINT('',(-2.360366412387,0.996014862475,0.113981182254
    ));
#701 = CARTESIAN_POINT('',(-2.423638254807,0.815368599231,0.129095698329
    ));
#702 = CARTESIAN_POINT('',(-2.493303312502,0.542424098815,0.151424337402
    ));
#703 = CARTESIAN_POINT('',(-2.512143102948,0.453279018268,0.158640225108
    ));
#704 = CARTESIAN_POINT('',(-2.52726213671,0.363380425949,0.165856108515)
  );
#705 = CARTESIAN_POINT('',(-2.538625074914,0.272914596904,0.173071950244
    ));
#706 = CARTESIAN_POINT('',(-2.546208316856,0.182069255502,0.180287681074
    ));
#707 = CARTESIAN_POINT('',(-2.550000000005,9.103357542626E-02,
    0.187503199933));
#708 = CARTESIAN_POINT('',(-2.550000000005,-1.820317564238E-06,
    0.194718373903));
#709 = ORIENTED_EDGE('',*,*,#124,.T.);
#710 = ORIENTED_EDGE('',*,*,#711,.F.);
#711 = EDGE_CURVE('',#523,#127,#712,.T.);
#712 = LINE('',#713,#714);
#713 = CARTESIAN_POINT('',(-2.55,0.,-6.2));
#714 = VECTOR('',#715,1.);
#715 = DIRECTION('',(4.800964430811E-17,0.,1.));
#716 = CYLINDRICAL_SURFACE('',#717,2.55);
#717 = AXIS2_PLACEMENT_3D('',#718,#719,#720);
#718 = CARTESIAN_POINT('',(0.,0.,-6.2));
#719 = DIRECTION('',(0.,0.,1.));
#720 = DIRECTION('',(-1.,0.,0.));
#721 = ADVANCED_FACE('',(#722),#815,.F.);
#722 = FACE_BOUND('',#723,.T.);
#723 = EDGE_LOOP('',(#724,#813,#814));
#724 = ORIENTED_EDGE('',*,*,#725,.F.);
#725 = EDGE_CURVE('',#523,#194,#726,.T.);
#726 = B_SPLINE_CURVE_WITH_KNOTS('',7,(#727,#728,#729,#730,#731,#732,
    #733,#734,#735,#736,#737,#738,#739,#740,#741,#742,#743,#744,#745,
    #746,#747,#748,#749,#750,#751,#752,#753,#754,#755,#756,#757,#758,
    #759,#760,#761,#762,#763,#764,#765,#766,#767,#768,#769,#770,#771,
    #772,#773,#774,#775,#776,#777,#778,#779,#780,#781,#782,#783,#784,
    #785,#786,#787,#788,#789,#790,#791,#792,#793,#794,#795,#796,#797,
    #798,#799,#800,#801,#802,#803,#804,#805,#806,#807,#808,#809,#810,
    #811,#812),.UNSPECIFIED.,.F.,.F.,(8,6,6,6,6,6,6,6,6,6,6,6,6,6,8),(0.
    ,3.372184848584E-02,0.136812818756,0.21873028992,0.272176129292,
    0.382680347425,0.496095945822,0.531236664265,0.632234789604,
    0.736338583821,0.786590903588,0.870516651106,0.954783726043,
    0.981204491125,1.),.UNSPECIFIED.);
#727 = CARTESIAN_POINT('',(-2.550000000005,-1.820258244578E-06,
    -0.194804529415));
#728 = CARTESIAN_POINT('',(-2.550000000005,-7.718297284887E-02,
    -0.188687246234));
#729 = CARTESIAN_POINT('',(-2.547274591691,-0.15436412248,
    -0.182569531642));
#730 = CARTESIAN_POINT('',(-2.541823836491,-0.231429324768,
    -0.176451577443));
#731 = CARTESIAN_POINT('',(-2.53365387002,-0.308263268409,
    -0.170333529274));
#732 = CARTESIAN_POINT('',(-2.522776902083,-0.384751275183,
    -0.164215486597));
#733 = CARTESIAN_POINT('',(-2.509211216674,-0.460779299948,
    -0.158097502708));
#734 = CARTESIAN_POINT('',(-2.443364346953,-0.766906074655,
    -0.133276514505));
#735 = CARTESIAN_POINT('',(-2.368833075961,-0.992282984145,
    -0.114569272642));
#736 = CARTESIAN_POINT('',(-2.27008351892,-1.209022052849,
    -9.586687623139E-02));
#737 = CARTESIAN_POINT('',(-2.148367770503,-1.414047926014,
    -7.716671936463E-02));
#738 = CARTESIAN_POINT('',(-2.005370881301,-1.604520983501,
    -5.846352518976E-02));
#739 = CARTESIAN_POINT('',(-1.843193536917,-1.777868157401,
    -3.975641434001E-02));
#740 = CARTESIAN_POINT('',(-1.52240074484,-2.054252853613,
    -6.192971150604E-03));
#741 = CARTESIAN_POINT('',(-1.369848456587,-2.16445887669,
    8.669880534823E-03));
#742 = CARTESIAN_POINT('',(-1.208061499913,-2.261385284128,
    2.353163299104E-02));
#743 = CARTESIAN_POINT('',(-1.038434430858,-2.34412674117,
    3.839262216622E-02));
#744 = CARTESIAN_POINT('',(-0.862455164904,-2.411957484412,
    5.325427677177E-02));
#745 = CARTESIAN_POINT('',(-0.681695646056,-2.464335866575,
    6.811701900408E-02));
#746 = CARTESIAN_POINT('',(-0.377847132166,-2.524817542957,
    9.267406049268E-02));
#747 = CARTESIAN_POINT('',(-0.256539054851,-2.541983912846,
    0.102370150512));
#748 = CARTESIAN_POINT('',(-0.134347074063,-2.552346195296,
    0.112066111313));
#749 = CARTESIAN_POINT('',(-1.172903743313E-02,-2.555852635982,
    0.121762009114));
#750 = CARTESIAN_POINT('',(0.110855484229,-2.552490086466,0.131458029014
    ));
#751 = CARTESIAN_POINT('',(0.23294642728,-2.542284040839,0.141154227419)
  );
#752 = CARTESIAN_POINT('',(0.604548568435,-2.490179851403,0.170897779557
    ));
#753 = CARTESIAN_POINT('',(0.851038274437,-2.426066220854,0.190952413302
    ));
#754 = CARTESIAN_POINT('',(1.089359807992,-2.33351135897,0.211002098665)
  );
#755 = CARTESIAN_POINT('',(1.315639031508,-2.213836845124,0.231048592185
    ));
#756 = CARTESIAN_POINT('',(1.526280092216,-2.068944443464,0.251098236843
    ));
#757 = CARTESIAN_POINT('',(1.71801032948,-1.901292405287,0.271152738419)
  );
#758 = CARTESIAN_POINT('',(2.062491460627,-1.521845853549,0.311775383335
    ));
#759 = CARTESIAN_POINT('',(2.214215036804,-1.308858889487,0.332358563493
    ));
#760 = CARTESIAN_POINT('',(2.340074266287,-1.078436794285,0.352934849284
    ));
#761 = CARTESIAN_POINT('',(2.437781128449,-0.834383556043,0.37350871358)
  );
#762 = CARTESIAN_POINT('',(2.50570678865,-0.5807675168,0.394085049411));
#763 = CARTESIAN_POINT('',(2.542881950599,-0.321920756924,0.414668303074
    ));
#764 = CARTESIAN_POINT('',(2.551204648583,1.798226910705E-02,
    0.441618953609));
#765 = CARTESIAN_POINT('',(2.55021475487,9.845852897899E-02,
    0.447994122533));
#766 = CARTESIAN_POINT('',(2.546263071264,0.178876281938,0.454369329769)
  );
#767 = CARTESIAN_POINT('',(2.539353610619,0.259104814554,0.460744570033)
  );
#768 = CARTESIAN_POINT('',(2.529497576208,0.339014042714,0.467119837478)
  );
#769 = CARTESIAN_POINT('',(2.516713361721,0.418474511628,0.473495125688)
  );
#770 = CARTESIAN_POINT('',(2.455941006107,0.724075111875,0.498193716982)
  );
#771 = CARTESIAN_POINT('',(2.386866724649,0.946081162294,0.516521647844)
  );
#772 = CARTESIAN_POINT('',(2.294409563138,1.160225267521,0.534846350303)
  );
#773 = CARTESIAN_POINT('',(2.179690330962,1.363593486302,0.553168853402)
  );
#774 = CARTESIAN_POINT('',(2.044234264931,1.553481991811,0.571493220394)
  );
#775 = CARTESIAN_POINT('',(1.889955573671,1.727424446558,0.589820626453)
  );
#776 = CARTESIAN_POINT('',(1.543268975722,2.043913811692,0.627029551805)
  );
#777 = CARTESIAN_POINT('',(1.349739560591,2.185417430851,0.64592072248)
  );
#778 = CARTESIAN_POINT('',(1.14123256213,2.305392392406,0.664807928881)
  );
#779 = CARTESIAN_POINT('',(0.920640196046,2.402013154789,0.683692760895)
  );
#780 = CARTESIAN_POINT('',(0.69107697778,2.473915508801,0.702580219249)
  );
#781 = CARTESIAN_POINT('',(0.455845842907,2.520211443415,0.721471689908)
  );
#782 = CARTESIAN_POINT('',(0.10386550192,2.550476595657,0.749474729601)
  );
#783 = CARTESIAN_POINT('',(-1.124576499326E-02,2.554299905306,
    0.758591579422));
#784 = CARTESIAN_POINT('',(-0.126493490311,2.552060531092,0.767708334112
    ));
#785 = CARTESIAN_POINT('',(-0.241494763914,2.543755854421,0.776825010811
    ));
#786 = CARTESIAN_POINT('',(-0.355868418739,2.52941340901,0.785941715697)
  );
#787 = CARTESIAN_POINT('',(-0.469235922022,2.509090809339,0.79505846653)
  );
#788 = CARTESIAN_POINT('',(-0.768249208156,2.439094130109,0.819400444895
    ));
#789 = CARTESIAN_POINT('',(-0.951450912337,2.378871154316,0.834627485584
    ));
#790 = CARTESIAN_POINT('',(-1.129052322105,2.302615233018,0.849852990376
    ));
#791 = CARTESIAN_POINT('',(-1.299385461415,2.210971256258,0.865077487617
    ));
#792 = CARTESIAN_POINT('',(-1.460882485191,2.104782732114,0.880302828554
    ));
#793 = CARTESIAN_POINT('',(-1.612086077212,1.985086214316,0.895529734026
    ));
#794 = CARTESIAN_POINT('',(-1.891836033932,1.720653046313,0.926042668678
    ));
#795 = CARTESIAN_POINT('',(-2.020321597424,1.57578454149,0.94133232838)
  );
#796 = CARTESIAN_POINT('',(-2.135788846724,1.419794137389,0.956621132566
    ));
#797 = CARTESIAN_POINT('',(-2.237107923905,1.254096469009,0.97190973641)
  );
#798 = CARTESIAN_POINT('',(-2.323338658869,1.080229228008,0.98719945169)
  );
#799 = CARTESIAN_POINT('',(-2.393736884219,0.899842744092,1.002489901681
    ));
#800 = CARTESIAN_POINT('',(-2.46474096111,0.656662928331,1.022570603004)
  );
#801 = CARTESIAN_POINT('',(-2.480083498789,0.598147798525,1.027363692136
    ));
#802 = CARTESIAN_POINT('',(-2.493804556894,0.539217140601,1.032156659311
    ));
#803 = CARTESIAN_POINT('',(-2.505890782799,0.479924902107,1.036949495538
    ));
#804 = CARTESIAN_POINT('',(-2.516331086263,0.420325470622,1.041742207141
    ));
#805 = CARTESIAN_POINT('',(-2.525116639435,0.360473673747,1.046534815757
    ));
#806 = CARTESIAN_POINT('',(-2.537308999115,0.257706503227,1.0547367326)
  );
#807 = CARTESIAN_POINT('',(-2.541536371642,0.214888437554,1.058146075913
    ));
#808 = CARTESIAN_POINT('',(-2.544920634833,0.171990455922,1.061555402202
    ));
#809 = CARTESIAN_POINT('',(-2.547460017596,0.129032470255,1.064964733846
    ));
#810 = CARTESIAN_POINT('',(-2.549153337346,8.603443057277E-02,
    1.068374101669));
#811 = CARTESIAN_POINT('',(-2.550000000005,4.301632499588E-02,
    1.071783544945));
#812 = CARTESIAN_POINT('',(-2.550000000005,-1.820258297869E-06,
    1.075193111395));
#813 = ORIENTED_EDGE('',*,*,#711,.T.);
#814 = ORIENTED_EDGE('',*,*,#220,.T.);
#815 = CYLINDRICAL_SURFACE('',#816,2.55);
#816 = AXIS2_PLACEMENT_3D('',#817,#818,#819);
#817 = CARTESIAN_POINT('',(0.,0.,-6.2));
#818 = DIRECTION('',(0.,0.,1.));
#819 = DIRECTION('',(-1.,0.,0.));
#820 = ADVANCED_FACE('',(#821),#866,.F.);
#821 = FACE_BOUND('',#822,.F.);
#822 = EDGE_LOOP('',(#823,#824,#831,#865));
#823 = ORIENTED_EDGE('',*,*,#725,.F.);
#824 = ORIENTED_EDGE('',*,*,#825,.T.);
#825 = EDGE_CURVE('',#523,#826,#828,.T.);
#826 = VERTEX_POINT('',#827);
#827 = CARTESIAN_POINT('',(-3.175025418595,3.663336959427E-11,
    -0.555624999419));
#828 = B_SPLINE_CURVE_WITH_KNOTS('',1,(#829,#830),.UNSPECIFIED.,.F.,.F.,
  (2,2),(0.,1.10925),.PIECEWISE_BEZIER_KNOTS.);
#829 = CARTESIAN_POINT('',(-2.214361367609,-2.79775659764E-06,
    -1.043947059777E-03));
#830 = CARTESIAN_POINT('',(-3.175025418595,3.658427707027E-11,
    -0.555624999419));
#831 = ORIENTED_EDGE('',*,*,#832,.T.);
#832 = EDGE_CURVE('',#826,#163,#833,.T.);
#833 = B_SPLINE_CURVE_WITH_KNOTS('',9,(#834,#835,#836,#837,#838,#839,
    #840,#841,#842,#843,#844,#845,#846,#847,#848,#849,#850,#851,#852,
    #853,#854,#855,#856,#857,#858,#859,#860,#861,#862,#863,#864),
  .UNSPECIFIED.,.F.,.F.,(10,7,7,7,10),(0.,1.602562744566,3.205125489133,
    4.807688233699,6.410250978266),.UNSPECIFIED.);
#834 = CARTESIAN_POINT('',(-3.175025418595,3.663691572342E-11,
    -0.555624999419));
#835 = CARTESIAN_POINT('',(-3.175026391754,-0.554146694668,
    -0.520347221597));
#836 = CARTESIAN_POINT('',(-3.066248964577,-1.108289658778,
    -0.485069443557));
#837 = CARTESIAN_POINT('',(-2.848604315662,-1.638029163411,
    -0.449791666005));
#838 = CARTESIAN_POINT('',(-2.528566184191,-2.118920461972,
    -0.414513888467));
#839 = CARTESIAN_POINT('',(-2.118913073531,-2.528579434095,
    -0.379236110509));
#840 = CARTESIAN_POINT('',(-1.638021058025,-2.848606461077,
    -0.343958332726));
#841 = CARTESIAN_POINT('',(-1.108295542336,-3.066220197443,
    -0.308680554883));
#842 = CARTESIAN_POINT('',(-5.911484732381E-06,-3.283833954274,
    -0.238124999303));
#843 = CARTESIAN_POINT('',(1.108292624093,-3.066220753489,
    -0.167569443808));
#844 = CARTESIAN_POINT('',(1.638026724874,-2.848607750523,
    -0.132291666066));
#845 = CARTESIAN_POINT('',(2.11892930755,-2.528578952105,
    -9.701388829096E-02));
#846 = CARTESIAN_POINT('',(2.528584150494,-2.11892324501,
    -6.17361104838E-02));
#847 = CARTESIAN_POINT('',(2.848609555023,-1.638022953456,
    -2.645833268192E-02));
#848 = CARTESIAN_POINT('',(3.06621876364,-1.10829282897,
    8.819445098379E-03));
#849 = CARTESIAN_POINT('',(3.283828050935,4.477859652634E-08,
    7.937500064086E-02));
#850 = CARTESIAN_POINT('',(3.066218220272,1.108292811839,0.149930556184)
  );
#851 = CARTESIAN_POINT('',(2.848609015184,1.638022767578,0.185208333963)
  );
#852 = CARTESIAN_POINT('',(2.528584909016,2.118923336449,0.220486111767)
  );
#853 = CARTESIAN_POINT('',(2.118930707097,2.528580129135,0.255763889574)
  );
#854 = CARTESIAN_POINT('',(1.638027395086,2.848609343199,0.291041667349)
  );
#855 = CARTESIAN_POINT('',(1.108292738301,3.066220851586,0.326319445089)
  );
#856 = CARTESIAN_POINT('',(-5.937567990761E-06,3.283831722804,
    0.396875000587));
#857 = CARTESIAN_POINT('',(-1.108295428127,3.066218866521,0.467430556166
    ));
#858 = CARTESIAN_POINT('',(-1.638021478473,2.848607112429,0.502708333975
    ));
#859 = CARTESIAN_POINT('',(-2.11891326007,2.528582392655,0.537986111888)
  );
#860 = CARTESIAN_POINT('',(-2.528572933398,2.118927122782,0.573263889628
    ));
#861 = CARTESIAN_POINT('',(-2.84860576717,1.638023811051,0.60854166737)
  );
#862 = CARTESIAN_POINT('',(-3.066238321658,1.108289276781,0.643819444816
    ));
#863 = CARTESIAN_POINT('',(-3.175026987298,0.554146694749,0.679097222877
    ));
#864 = CARTESIAN_POINT('',(-3.175027960457,4.430876479084E-11,
    0.714375000704));
#865 = ORIENTED_EDGE('',*,*,#193,.T.);
#866 = B_SPLINE_SURFACE_WITH_KNOTS('',1,9,(
    (#867,#868,#869,#870,#871,#872,#873,#874,#875,#876,#877,#878,#879
      ,#880,#881,#882,#883,#884,#885,#886,#887,#888,#889,#890,#891,#892
      ,#893,#894,#895,#896,#897)
    ,(#898,#899,#900,#901,#902,#903,#904,#905,#906,#907,#908,#909,#910
      ,#911,#912,#913,#914,#915,#916,#917,#918,#919,#920,#921,#922,#923
      ,#924,#925,#926,#927,#928
    )),.UNSPECIFIED.,.F.,.F.,.F.,(2,2),(10,7,7,7,10),(0.,1.10925),(0.,
    1.602562744566,3.205125489133,4.807688233699,6.410250978266),
  .UNSPECIFIED.);
#867 = CARTESIAN_POINT('',(-2.214361367609,-2.797756544881E-06,
    -1.043947059777E-03));
#868 = CARTESIAN_POINT('',(-2.214360881242,-0.386517934073,
    3.423214820323E-02));
#869 = CARTESIAN_POINT('',(-2.138484636007,-0.77292938583,
    6.950013544601E-02));
#870 = CARTESIAN_POINT('',(-1.986728710727,-1.14238686617,0.104787942678
    ));
#871 = CARTESIAN_POINT('',(-1.763498869314,-1.477824288137,
    0.140070654404));
#872 = CARTESIAN_POINT('',(-1.477783117772,-1.763509156685,
    0.175345899047));
#873 = CARTESIAN_POINT('',(-1.142400542858,-1.98670943139,0.210621149581
    ));
#874 = CARTESIAN_POINT('',(-0.772956232516,-2.138476838222,
    0.245897178381));
#875 = CARTESIAN_POINT('',(-3.106613680636E-06,-2.290246141607,
    0.316451884369));
#876 = CARTESIAN_POINT('',(0.772962059159,-2.13847561743,0.38700955142)
  );
#877 = CARTESIAN_POINT('',(1.142418027171,-1.986704684852,0.422288652515
    ));
#878 = CARTESIAN_POINT('',(1.477811658618,-1.763504635387,0.457566517869
    ));
#879 = CARTESIAN_POINT('',(1.763512750741,-1.477800636796,0.492843264584
    ));
#880 = CARTESIAN_POINT('',(1.986706600443,-1.142410574732,0.528120123654
    ));
#881 = CARTESIAN_POINT('',(2.138474709055,-0.772959470916,0.563397841233
    ));
#882 = CARTESIAN_POINT('',(2.290242220711,3.038397438086E-06,
    0.633953855584));
#883 = CARTESIAN_POINT('',(2.138472657199,0.772965144836,0.704509869936)
  );
#884 = CARTESIAN_POINT('',(1.98670356835,1.142415845662,0.739787587515)
  );
#885 = CARTESIAN_POINT('',(1.763508831171,1.477805316048,0.775064446586)
  );
#886 = CARTESIAN_POINT('',(1.477806982179,1.763508558604,0.8103411933));
#887 = CARTESIAN_POINT('',(1.142412757164,1.986707718939,0.845619058652)
  );
#888 = CARTESIAN_POINT('',(0.772956385425,2.138477668466,0.880898159747)
  );
#889 = CARTESIAN_POINT('',(-9.18329435647E-06,2.290246137406,
    0.9514558268));
#890 = CARTESIAN_POINT('',(-0.772961906246,2.138474784847,1.022010532791
    ));
#891 = CARTESIAN_POINT('',(-1.142405814898,1.986706401488,1.057286561592
    ));
#892 = CARTESIAN_POINT('',(-1.477787797202,1.763505241212,1.092561812125
    ));
#893 = CARTESIAN_POINT('',(-1.763502802908,1.477819621629,1.127837056762
    ));
#894 = CARTESIAN_POINT('',(-1.986731744735,1.142381584991,1.16311976848)
  );
#895 = CARTESIAN_POINT('',(-2.138486666999,0.772923711077,1.198407575725
    ));
#896 = CARTESIAN_POINT('',(-2.214361907575,0.386512058784,1.233675562968
    ));
#897 = CARTESIAN_POINT('',(-2.214361372396,-3.077532505193E-06,
    1.26895165823));
#898 = CARTESIAN_POINT('',(-3.175025418595,3.663691572342E-11,
    -0.555624999419));
#899 = CARTESIAN_POINT('',(-3.175026391754,-0.554146694668,
    -0.520347221597));
#900 = CARTESIAN_POINT('',(-3.066248964577,-1.108289658778,
    -0.485069443557));
#901 = CARTESIAN_POINT('',(-2.848604315662,-1.638029163411,
    -0.449791666005));
#902 = CARTESIAN_POINT('',(-2.528566184191,-2.118920461972,
    -0.414513888467));
#903 = CARTESIAN_POINT('',(-2.118913073531,-2.528579434095,
    -0.379236110509));
#904 = CARTESIAN_POINT('',(-1.638021058025,-2.848606461077,
    -0.343958332726));
#905 = CARTESIAN_POINT('',(-1.108295542336,-3.066220197443,
    -0.308680554883));
#906 = CARTESIAN_POINT('',(-5.911484732381E-06,-3.283833954274,
    -0.238124999303));
#907 = CARTESIAN_POINT('',(1.108292624093,-3.066220753489,
    -0.167569443808));
#908 = CARTESIAN_POINT('',(1.638026724874,-2.848607750523,
    -0.132291666066));
#909 = CARTESIAN_POINT('',(2.11892930755,-2.528578952105,
    -9.701388829096E-02));
#910 = CARTESIAN_POINT('',(2.528584150494,-2.11892324501,
    -6.17361104838E-02));
#911 = CARTESIAN_POINT('',(2.848609555023,-1.638022953456,
    -2.645833268192E-02));
#912 = CARTESIAN_POINT('',(3.06621876364,-1.10829282897,
    8.819445098379E-03));
#913 = CARTESIAN_POINT('',(3.283828050935,4.477859652634E-08,
    7.937500064086E-02));
#914 = CARTESIAN_POINT('',(3.066218220272,1.108292811839,0.149930556184)
  );
#915 = CARTESIAN_POINT('',(2.848609015184,1.638022767578,0.185208333963)
  );
#916 = CARTESIAN_POINT('',(2.528584909016,2.118923336449,0.220486111767)
  );
#917 = CARTESIAN_POINT('',(2.118930707097,2.528580129135,0.255763889574)
  );
#918 = CARTESIAN_POINT('',(1.638027395086,2.848609343199,0.291041667349)
  );
#919 = CARTESIAN_POINT('',(1.108292738301,3.066220851586,0.326319445089)
  );
#920 = CARTESIAN_POINT('',(-5.937567990761E-06,3.283831722804,
    0.396875000587));
#921 = CARTESIAN_POINT('',(-1.108295428127,3.066218866521,0.467430556166
    ));
#922 = CARTESIAN_POINT('',(-1.638021478473,2.848607112429,0.502708333975
    ));
#923 = CARTESIAN_POINT('',(-2.11891326007,2.528582392655,0.537986111888)
  );
#924 = CARTESIAN_POINT('',(-2.528572933398,2.118927122782,0.573263889628
    ));
#925 = CARTESIAN_POINT('',(-2.84860576717,1.638023811051,0.60854166737)
  );
#926 = CARTESIAN_POINT('',(-3.066238321658,1.108289276781,0.643819444816
    ));
#927 = CARTESIAN_POINT('',(-3.175026987298,0.554146694749,0.679097222877
    ));
#928 = CARTESIAN_POINT('',(-3.175027960457,4.430876479084E-11,
    0.714375000704));
#929 = ADVANCED_FACE('',(#930),#965,.F.);
#930 = FACE_BOUND('',#931,.F.);
#931 = EDGE_LOOP('',(#932,#933,#940,#964));
#932 = ORIENTED_EDGE('',*,*,#832,.F.);
#933 = ORIENTED_EDGE('',*,*,#934,.T.);
#934 = EDGE_CURVE('',#826,#935,#937,.T.);
#935 = VERTEX_POINT('',#936);
#936 = CARTESIAN_POINT('',(-3.175032681051,4.709861284959E-11,
    -0.714374999252));
#937 = B_SPLINE_CURVE_WITH_KNOTS('',1,(#938,#939),.UNSPECIFIED.,.F.,.F.,
  (2,2),(0.,0.15875),.PIECEWISE_BEZIER_KNOTS.);
#938 = CARTESIAN_POINT('',(-3.175025418595,3.658182613055E-11,
    -0.555624999419));
#939 = CARTESIAN_POINT('',(-3.175032681051,4.704767655833E-11,
    -0.714374999252));
#940 = ORIENTED_EDGE('',*,*,#941,.T.);
#941 = EDGE_CURVE('',#935,#136,#942,.T.);
#942 = B_SPLINE_CURVE_WITH_KNOTS('',11,(#943,#944,#945,#946,#947,#948,
    #949,#950,#951,#952,#953,#954,#955,#956,#957,#958,#959,#960,#961,
    #962,#963),.UNSPECIFIED.,.F.,.F.,(12,9,12),(0.,3.205125489133,
    6.410250978266),.UNSPECIFIED.);
#943 = CARTESIAN_POINT('',(-3.175032681051,4.710232204275E-11,
    -0.714374999252));
#944 = CARTESIAN_POINT('',(-3.175034728476,-0.906787677769,
    -0.656647726432));
#945 = CARTESIAN_POINT('',(-2.890237937536,-1.813565733189,
    -0.598920452879));
#946 = CARTESIAN_POINT('',(-2.320256963786,-2.620963075635,
    -0.541193182441));
#947 = CARTESIAN_POINT('',(-1.504894422066,-3.229305000827,
    -0.483465908271));
#948 = CARTESIAN_POINT('',(-0.521566049966,-3.557154286041,
    -0.425738633945));
#949 = CARTESIAN_POINT('',(0.521547666001,-3.557010780784,
    -0.368011363914));
#950 = CARTESIAN_POINT('',(1.504828860412,-3.229406862485,
    -0.310284089873));
#951 = CARTESIAN_POINT('',(2.320419388986,-2.620919389025,
    -0.252556817435));
#952 = CARTESIAN_POINT('',(2.890160089053,-1.813574491914,
    -0.194829544604));
#953 = CARTESIAN_POINT('',(3.45990227659,1.130642924227E-07,
    -7.937499917563E-02));
#954 = CARTESIAN_POINT('',(2.890158945864,1.813574358904,
    3.607954625172E-02));
#955 = CARTESIAN_POINT('',(2.320414127159,2.620924803221,
    9.380681902787E-02));
#956 = CARTESIAN_POINT('',(1.504860270081,3.22937451938,0.15153409179));
#957 = CARTESIAN_POINT('',(0.521505961599,3.55711708515,0.209261364964)
  );
#958 = CARTESIAN_POINT('',(-0.521560053577,3.556990130248,0.266988636391
    ));
#959 = CARTESIAN_POINT('',(-1.504839676988,3.229416972394,0.324715909257
    ));
#960 = CARTESIAN_POINT('',(-2.320333910503,2.620937546831,0.382443184419
    ));
#961 = CARTESIAN_POINT('',(-2.890201736407,1.813564447129,0.440170454457
    ));
#962 = CARTESIAN_POINT('',(-3.175033901733,0.906787677873,0.497897728074
    ));
#963 = CARTESIAN_POINT('',(-3.175035949159,5.696951769392E-11,
    0.555625000905));
#964 = ORIENTED_EDGE('',*,*,#162,.T.);
#965 = B_SPLINE_SURFACE_WITH_KNOTS('',1,11,(
    (#966,#967,#968,#969,#970,#971,#972,#973,#974,#975,#976,#977,#978
      ,#979,#980,#981,#982,#983,#984,#985,#986)
    ,(#987,#988,#989,#990,#991,#992,#993,#994,#995,#996,#997,#998,#999
      ,#1000,#1001,#1002,#1003,#1004,#1005,#1006,#1007
  )),.UNSPECIFIED.,.F.,.F.,.F.,(2,2),(12,9,12),(0.,0.15875),(0.,
    3.205125489133,6.410250978266),.UNSPECIFIED.);
#966 = CARTESIAN_POINT('',(-3.175025418595,3.6636027545E-11,
    -0.555624999419));
#967 = CARTESIAN_POINT('',(-3.175027011037,-0.906785500389,
    -0.497897726619));
#968 = CARTESIAN_POINT('',(-2.89022697351,-1.813561233441,
    -0.440170453249));
#969 = CARTESIAN_POINT('',(-2.320259941886,-2.620953945054,
    -0.382443182303));
#970 = CARTESIAN_POINT('',(-1.504884722322,-3.229309686802,
    -0.324715908452));
#971 = CARTESIAN_POINT('',(-0.521564133982,-3.557127501359,
    -0.266988634484));
#972 = CARTESIAN_POINT('',(0.521541781313,-3.557014051299,
    -0.209261363851));
#973 = CARTESIAN_POINT('',(1.504828735742,-3.229395511559,
    -0.151534090104));
#974 = CARTESIAN_POINT('',(2.320413231341,-2.620913696084,
    -9.380681760066E-02));
#975 = CARTESIAN_POINT('',(2.890153020628,-1.813570121479,
    -3.607954479293E-02));
#976 = CARTESIAN_POINT('',(3.459893966836,8.793876655795E-08,
    7.937500064125E-02));
#977 = CARTESIAN_POINT('',(2.890152131481,1.813570018027,0.194829546075)
  );
#978 = CARTESIAN_POINT('',(2.320409138808,2.620917907124,0.25255681884)
  );
#979 = CARTESIAN_POINT('',(1.504853165485,3.229370355813,0.310284091594)
  );
#980 = CARTESIAN_POINT('',(0.521509344555,3.557096732471,0.368011364667)
  );
#981 = CARTESIAN_POINT('',(-0.521559470124,3.556999824634,0.425738636387
    ));
#982 = CARTESIAN_POINT('',(-1.504842142818,3.229396775797,0.483465909218
    ));
#983 = CARTESIAN_POINT('',(-2.320319789332,2.620934089319,0.541193183843
    ));
#984 = CARTESIAN_POINT('',(-2.890198817077,1.813560233171,0.598920454476
    ));
#985 = CARTESIAN_POINT('',(-3.175026368015,0.90678550047,0.656647727896)
  );
#986 = CARTESIAN_POINT('',(-3.175027960457,4.430853429982E-11,
    0.714375000704));
#987 = CARTESIAN_POINT('',(-3.175032681051,4.710232204275E-11,
    -0.714374999252));
#988 = CARTESIAN_POINT('',(-3.175034728476,-0.906787677769,
    -0.656647726432));
#989 = CARTESIAN_POINT('',(-2.890237937536,-1.813565733189,
    -0.598920452879));
#990 = CARTESIAN_POINT('',(-2.320256963786,-2.620963075635,
    -0.541193182441));
#991 = CARTESIAN_POINT('',(-1.504894422066,-3.229305000827,
    -0.483465908271));
#992 = CARTESIAN_POINT('',(-0.521566049966,-3.557154286041,
    -0.425738633945));
#993 = CARTESIAN_POINT('',(0.521547666001,-3.557010780784,
    -0.368011363914));
#994 = CARTESIAN_POINT('',(1.504828860412,-3.229406862485,
    -0.310284089873));
#995 = CARTESIAN_POINT('',(2.320419388986,-2.620919389025,
    -0.252556817435));
#996 = CARTESIAN_POINT('',(2.890160089053,-1.813574491914,
    -0.194829544604));
#997 = CARTESIAN_POINT('',(3.45990227659,1.130642924227E-07,
    -7.937499917563E-02));
#998 = CARTESIAN_POINT('',(2.890158945864,1.813574358904,
    3.607954625172E-02));
#999 = CARTESIAN_POINT('',(2.320414127159,2.620924803221,
    9.380681902787E-02));
#1000 = CARTESIAN_POINT('',(1.504860270081,3.22937451938,0.15153409179)
  );
#1001 = CARTESIAN_POINT('',(0.521505961599,3.55711708515,0.209261364964)
  );
#1002 = CARTESIAN_POINT('',(-0.521560053577,3.556990130248,
    0.266988636391));
#1003 = CARTESIAN_POINT('',(-1.504839676988,3.229416972394,
    0.324715909257));
#1004 = CARTESIAN_POINT('',(-2.320333910503,2.620937546831,
    0.382443184419));
#1005 = CARTESIAN_POINT('',(-2.890201736407,1.813564447129,
    0.440170454457));
#1006 = CARTESIAN_POINT('',(-3.175033901733,0.906787677873,
    0.497897728074));
#1007 = CARTESIAN_POINT('',(-3.175035949159,5.696951769392E-11,
    0.555625000905));
#1008 = ADVANCED_FACE('',(#1009),#1019,.F.);
#1009 = FACE_BOUND('',#1010,.F.);
#1010 = EDGE_LOOP('',(#1011,#1012,#1017,#1018));
#1011 = ORIENTED_EDGE('',*,*,#941,.F.);
#1012 = ORIENTED_EDGE('',*,*,#1013,.T.);
#1013 = EDGE_CURVE('',#935,#614,#1014,.T.);
#1014 = B_SPLINE_CURVE_WITH_KNOTS('',1,(#1015,#1016),.UNSPECIFIED.,.F.,
  .F.,(2,2),(0.,1.10925),.PIECEWISE_BEZIER_KNOTS.);
#1015 = CARTESIAN_POINT('',(-3.175032681051,4.704879522321E-11,
    -0.714374999252));
#1016 = CARTESIAN_POINT('',(-2.21441937576,-2.797673007617E-06,
    -1.269043945733));
#1017 = ORIENTED_EDGE('',*,*,#621,.T.);
#1018 = ORIENTED_EDGE('',*,*,#135,.T.);
#1019 = B_SPLINE_SURFACE_WITH_KNOTS('',1,9,(
    (#1020,#1021,#1022,#1023,#1024,#1025,#1026,#1027,#1028,#1029,#1030
      ,#1031,#1032,#1033,#1034,#1035,#1036,#1037,#1038,#1039,#1040,#1041
      ,#1042,#1043,#1044,#1045,#1046,#1047,#1048,#1049,#1050)
    ,(#1051,#1052,#1053,#1054,#1055,#1056,#1057,#1058,#1059,#1060,#1061
      ,#1062,#1063,#1064,#1065,#1066,#1067,#1068,#1069,#1070,#1071,#1072
      ,#1073,#1074,#1075,#1076,#1077,#1078,#1079,#1080,#1081
  )),.UNSPECIFIED.,.F.,.F.,.F.,(2,2),(10,7,7,7,10),(0.,1.10925),(0.,
    1.602562744566,3.205125489133,4.807688233699,6.410250978266),
  .UNSPECIFIED.);
#1020 = CARTESIAN_POINT('',(-3.175032681051,4.710187795354E-11,
    -0.714374999252));
#1021 = CARTESIAN_POINT('',(-3.175033932255,-0.554148025285,
    -0.679097221418));
#1022 = CARTESIAN_POINT('',(-3.066257849361,-1.108292375396,
    -0.643819443303));
#1023 = CARTESIAN_POINT('',(-2.848610949703,-1.638033862348,
    -0.608541665816));
#1024 = CARTESIAN_POINT('',(-2.528571292989,-2.118924599372,
    -0.573263888345));
#1025 = CARTESIAN_POINT('',(-2.118918136032,-2.528585084454,
    -0.537986110338));
#1026 = CARTESIAN_POINT('',(-1.638024932083,-2.848613209616,
    -0.502708332553));
#1027 = CARTESIAN_POINT('',(-1.108298220489,-3.066227751828,
    -0.467430554691));
#1028 = CARTESIAN_POINT('',(-5.907756779725E-06,-3.283842159958,
    -0.396874999104));
#1029 = CARTESIAN_POINT('',(1.108295269591,-3.066228103732,
    -0.326319443626));
#1030 = CARTESIAN_POINT('',(1.638030563201,-2.848614364615,
    -0.291041665894));
#1031 = CARTESIAN_POINT('',(2.118934196709,-2.528584856962,
    -0.25576388812));
#1032 = CARTESIAN_POINT('',(2.528590115144,-2.118928321038,
    -0.220486110305));
#1033 = CARTESIAN_POINT('',(2.848616473776,-1.638026914066,
    -0.185208332495));
#1034 = CARTESIAN_POINT('',(3.066226205526,-1.108295493207,
    -0.149930554715));
#1035 = CARTESIAN_POINT('',(3.283835937831,5.757248160284E-08,
    -7.93749991759E-02));
#1036 = CARTESIAN_POINT('',(3.06622550691,1.108295471182,
    -8.8194436366E-03));
#1037 = CARTESIAN_POINT('',(2.848615779696,1.638026675079,
    2.6458334143E-02));
#1038 = CARTESIAN_POINT('',(2.528591090386,2.118928438603,
    6.173611195366E-02));
#1039 = CARTESIAN_POINT('',(2.118935996127,2.528586370286,
    9.701388976962E-02));
#1040 = CARTESIAN_POINT('',(1.638031424902,2.848616412341,0.132291667543
    ));
#1041 = CARTESIAN_POINT('',(1.10829541643,3.066228229857,0.167569445273)
  );
#1042 = CARTESIAN_POINT('',(-5.941292460875E-06,3.283839290925,
    0.238125000755));
#1043 = CARTESIAN_POINT('',(-1.108298073648,3.066226040643,0.30868055634
    ));
#1044 = CARTESIAN_POINT('',(-1.63802547266,2.848614047069,0.343958334158
    ));
#1045 = CARTESIAN_POINT('',(-2.118918375869,2.528588888317,
    0.379236112111));
#1046 = CARTESIAN_POINT('',(-2.528579970541,2.118933163272,
    0.414513889837));
#1047 = CARTESIAN_POINT('',(-2.848612815927,1.638026980742,
    0.449791667572));
#1048 = CARTESIAN_POINT('',(-3.066244165607,1.108291884257,
    0.485069444922));
#1049 = CARTESIAN_POINT('',(-3.175034697954,0.554148025389,
    0.520347223064));
#1050 = CARTESIAN_POINT('',(-3.175035949159,5.697063635538E-11,
    0.555625000905));
#1051 = CARTESIAN_POINT('',(-2.21441937576,-2.797672954191E-06,
    -1.269043945733));
#1052 = CARTESIAN_POINT('',(-2.214421110253,-0.386528562246,
    -1.233767850368));
#1053 = CARTESIAN_POINT('',(-2.138555602345,-0.77295108455,
    -1.198499862529));
#1054 = CARTESIAN_POINT('',(-1.986781699472,-1.142424398468,
    -1.163212055811));
#1055 = CARTESIAN_POINT('',(-1.763539675336,-1.477857335215,
    -1.127929344632));
#1056 = CARTESIAN_POINT('',(-1.477823554005,-1.763554288367,
    -1.09265409958));
#1057 = CARTESIAN_POINT('',(-1.142431486517,-1.986763334684,
    -1.057378849034));
#1058 = CARTESIAN_POINT('',(-0.772977623995,-2.138537178131,
    -1.022102820084));
#1059 = CARTESIAN_POINT('',(-3.076837130597E-06,-2.290311683701,
    -0.951548114041));
#1060 = CARTESIAN_POINT('',(0.772983189812,-2.138534326775,
    -0.880990447127));
#1061 = CARTESIAN_POINT('',(1.142448685429,-1.986757514262,
    -0.845711346115));
#1062 = CARTESIAN_POINT('',(1.477850710295,-1.763551799849,
    -0.810433480765));
#1063 = CARTESIAN_POINT('',(1.763560392796,-1.477841181075,
    -0.775156733985));
#1064 = CARTESIAN_POINT('',(1.986761863293,-1.14244220971,
    -0.739879874858));
#1065 = CARTESIAN_POINT('',(2.138534150388,-0.772980751249,
    -0.704602157275));
#1066 = CARTESIAN_POINT('',(2.290305216515,3.14058737643E-06,
    -0.634046142953));
#1067 = CARTESIAN_POINT('',(2.138530858505,0.772986386073,-0.56349012863
    ));
#1068 = CARTESIAN_POINT('',(1.986757599224,1.142447056444,
    -0.528212411048));
#1069 = CARTESIAN_POINT('',(1.763558204258,1.477846069002,
    -0.492935551918));
#1070 = CARTESIAN_POINT('',(1.477849227782,1.763558409183,
    -0.457658805138));
#1071 = CARTESIAN_POINT('',(1.142444944922,1.986764183018,
    -0.422380939792));
#1072 = CARTESIAN_POINT('',(0.772977776716,2.138536601678,
    -0.387101838783));
#1073 = CARTESIAN_POINT('',(-9.213042971269E-06,2.29030658703,
    -0.31654417186));
#1074 = CARTESIAN_POINT('',(-0.772983037087,2.13853208744,
    -0.245989465816));
#1075 = CARTESIAN_POINT('',(-1.142437718068,1.986761791243,
    -0.210713436944));
#1076 = CARTESIAN_POINT('',(-1.477828659141,1.763557124668,-0.1754381861
    ));
#1077 = CARTESIAN_POINT('',(-1.763559011393,1.477867869441,
    -0.140162941554));
#1078 = CARTESIAN_POINT('',(-1.986788045988,1.142406902589,
    -0.104880229913));
#1079 = CARTESIAN_POINT('',(-2.138533344973,0.772944538037,
    -6.959242342664E-02));
#1080 = CARTESIAN_POINT('',(-2.214423495685,0.386522687141,
    -3.43244355382E-02));
#1081 = CARTESIAN_POINT('',(-2.214425181367,-3.077431373201E-06,
    9.516598356409E-04));
#1082 = ADVANCED_FACE('',(#1083),#1103,.T.);
#1083 = FACE_BOUND('',#1084,.T.);
#1084 = EDGE_LOOP('',(#1085,#1094,#1095,#1096));
#1085 = ORIENTED_EDGE('',*,*,#1086,.F.);
#1086 = EDGE_CURVE('',#230,#1087,#1089,.T.);
#1087 = VERTEX_POINT('',#1088);
#1088 = CARTESIAN_POINT('',(18.78,15.88,-0.5));
#1089 = CIRCLE('',#1090,0.5);
#1090 = AXIS2_PLACEMENT_3D('',#1091,#1092,#1093);
#1091 = CARTESIAN_POINT('',(19.28,15.88,-0.5));
#1092 = DIRECTION('',(0.,-1.,0.));
#1093 = DIRECTION('',(1.,0.,0.));
#1094 = ORIENTED_EDGE('',*,*,#229,.T.);
#1095 = ORIENTED_EDGE('',*,*,#1086,.T.);
#1096 = ORIENTED_EDGE('',*,*,#1097,.F.);
#1097 = EDGE_CURVE('',#1087,#1087,#1098,.T.);
#1098 = CIRCLE('',#1099,2.9);
#1099 = AXIS2_PLACEMENT_3D('',#1100,#1101,#1102);
#1100 = CARTESIAN_POINT('',(15.88,15.88,-0.5));
#1101 = DIRECTION('',(0.,0.,1.));
#1102 = DIRECTION('',(1.,0.,0.));
#1103 = TOROIDAL_SURFACE('',#1104,3.4,0.5);
#1104 = AXIS2_PLACEMENT_3D('',#1105,#1106,#1107);
#1105 = CARTESIAN_POINT('',(15.88,15.88,-0.5));
#1106 = DIRECTION('',(0.,0.,1.));
#1107 = DIRECTION('',(1.,0.,0.));
#1108 = ADVANCED_FACE('',(#1109,#1119,#1130,#1141,#1152,#1163),#1174,.F.
  );
#1109 = FACE_BOUND('',#1110,.F.);
#1110 = EDGE_LOOP('',(#1111,#1112,#1113,#1114,#1115,#1116,#1117,#1118));
#1111 = ORIENTED_EDGE('',*,*,#254,.T.);
#1112 = ORIENTED_EDGE('',*,*,#303,.T.);
#1113 = ORIENTED_EDGE('',*,*,#352,.T.);
#1114 = ORIENTED_EDGE('',*,*,#401,.T.);
#1115 = ORIENTED_EDGE('',*,*,#426,.T.);
#1116 = ORIENTED_EDGE('',*,*,#383,.T.);
#1117 = ORIENTED_EDGE('',*,*,#335,.T.);
#1118 = ORIENTED_EDGE('',*,*,#285,.T.);
#1119 = FACE_BOUND('',#1120,.F.);
#1120 = EDGE_LOOP('',(#1121));
#1121 = ORIENTED_EDGE('',*,*,#1122,.F.);
#1122 = EDGE_CURVE('',#1123,#1123,#1125,.T.);
#1123 = VERTEX_POINT('',#1124);
#1124 = CARTESIAN_POINT('',(-17.58,-15.88,-12.7));
#1125 = CIRCLE('',#1126,1.7);
#1126 = AXIS2_PLACEMENT_3D('',#1127,#1128,#1129);
#1127 = CARTESIAN_POINT('',(-15.88,-15.88,-12.7));
#1128 = DIRECTION('',(0.,0.,1.));
#1129 = DIRECTION('',(-1.,1.224646799147E-16,0.));
#1130 = FACE_BOUND('',#1131,.F.);
#1131 = EDGE_LOOP('',(#1132));
#1132 = ORIENTED_EDGE('',*,*,#1133,.F.);
#1133 = EDGE_CURVE('',#1134,#1134,#1136,.T.);
#1134 = VERTEX_POINT('',#1135);
#1135 = CARTESIAN_POINT('',(15.88,-17.58,-12.7));
#1136 = CIRCLE('',#1137,1.7);
#1137 = AXIS2_PLACEMENT_3D('',#1138,#1139,#1140);
#1138 = CARTESIAN_POINT('',(15.88,-15.88,-12.7));
#1139 = DIRECTION('',(0.,0.,1.));
#1140 = DIRECTION('',(-2.22044604925E-16,-1.,0.));
#1141 = FACE_BOUND('',#1142,.F.);
#1142 = EDGE_LOOP('',(#1143));
#1143 = ORIENTED_EDGE('',*,*,#1144,.F.);
#1144 = EDGE_CURVE('',#1145,#1145,#1147,.T.);
#1145 = VERTEX_POINT('',#1146);
#1146 = CARTESIAN_POINT('',(-15.88,17.58,-12.7));
#1147 = CIRCLE('',#1148,1.7);
#1148 = AXIS2_PLACEMENT_3D('',#1149,#1150,#1151);
#1149 = CARTESIAN_POINT('',(-15.88,15.88,-12.7));
#1150 = DIRECTION('',(0.,-0.,1.));
#1151 = DIRECTION('',(1.110223024625E-16,1.,0.));
#1152 = FACE_BOUND('',#1153,.F.);
#1153 = EDGE_LOOP('',(#1154));
#1154 = ORIENTED_EDGE('',*,*,#1155,.T.);
#1155 = EDGE_CURVE('',#1156,#1156,#1158,.T.);
#1156 = VERTEX_POINT('',#1157);
#1157 = CARTESIAN_POINT('',(-5.68,0.,-12.7));
#1158 = CIRCLE('',#1159,5.68);
#1159 = AXIS2_PLACEMENT_3D('',#1160,#1161,#1162);
#1160 = CARTESIAN_POINT('',(0.,0.,-12.7));
#1161 = DIRECTION('',(0.,0.,-1.));
#1162 = DIRECTION('',(-1.,0.,0.));
#1163 = FACE_BOUND('',#1164,.F.);
#1164 = EDGE_LOOP('',(#1165));
#1165 = ORIENTED_EDGE('',*,*,#1166,.F.);
#1166 = EDGE_CURVE('',#1167,#1167,#1169,.T.);
#1167 = VERTEX_POINT('',#1168);
#1168 = CARTESIAN_POINT('',(17.58,15.88,-12.7));
#1169 = CIRCLE('',#1170,1.7);
#1170 = AXIS2_PLACEMENT_3D('',#1171,#1172,#1173);
#1171 = CARTESIAN_POINT('',(15.88,15.88,-12.7));
#1172 = DIRECTION('',(0.,0.,1.));
#1173 = DIRECTION('',(1.,0.,0.));
#1174 = PLANE('',#1175);
#1175 = AXIS2_PLACEMENT_3D('',#1176,#1177,#1178);
#1176 = CARTESIAN_POINT('',(-9.489930867611E-17,1.032727770887E-16,-12.7
    ));
#1177 = DIRECTION('',(0.,0.,1.));
#1178 = DIRECTION('',(1.,0.,0.));
#1179 = ADVANCED_FACE('',(#1180),#1199,.F.);
#1180 = FACE_BOUND('',#1181,.F.);
#1181 = EDGE_LOOP('',(#1182,#1190,#1197,#1198));
#1182 = ORIENTED_EDGE('',*,*,#1183,.T.);
#1183 = EDGE_CURVE('',#443,#1184,#1186,.T.);
#1184 = VERTEX_POINT('',#1185);
#1185 = CARTESIAN_POINT('',(-18.78,-15.88,-3.));
#1186 = LINE('',#1187,#1188);
#1187 = CARTESIAN_POINT('',(-18.78,-15.88,0.));
#1188 = VECTOR('',#1189,1.);
#1189 = DIRECTION('',(0.,0.,-1.));
#1190 = ORIENTED_EDGE('',*,*,#1191,.T.);
#1191 = EDGE_CURVE('',#1184,#1184,#1192,.T.);
#1192 = CIRCLE('',#1193,2.9);
#1193 = AXIS2_PLACEMENT_3D('',#1194,#1195,#1196);
#1194 = CARTESIAN_POINT('',(-15.88,-15.88,-3.));
#1195 = DIRECTION('',(0.,0.,1.));
#1196 = DIRECTION('',(-1.,1.224646799147E-16,0.));
#1197 = ORIENTED_EDGE('',*,*,#1183,.F.);
#1198 = ORIENTED_EDGE('',*,*,#453,.F.);
#1199 = CYLINDRICAL_SURFACE('',#1200,2.9);
#1200 = AXIS2_PLACEMENT_3D('',#1201,#1202,#1203);
#1201 = CARTESIAN_POINT('',(-15.88,-15.88,0.));
#1202 = DIRECTION('',(0.,0.,1.));
#1203 = DIRECTION('',(-1.,1.224646799147E-16,0.));
#1204 = ADVANCED_FACE('',(#1205),#1224,.F.);
#1205 = FACE_BOUND('',#1206,.F.);
#1206 = EDGE_LOOP('',(#1207,#1215,#1222,#1223));
#1207 = ORIENTED_EDGE('',*,*,#1208,.T.);
#1208 = EDGE_CURVE('',#469,#1209,#1211,.T.);
#1209 = VERTEX_POINT('',#1210);
#1210 = CARTESIAN_POINT('',(15.88,-18.78,-3.));
#1211 = LINE('',#1212,#1213);
#1212 = CARTESIAN_POINT('',(15.88,-18.78,0.));
#1213 = VECTOR('',#1214,1.);
#1214 = DIRECTION('',(0.,0.,-1.));
#1215 = ORIENTED_EDGE('',*,*,#1216,.T.);
#1216 = EDGE_CURVE('',#1209,#1209,#1217,.T.);
#1217 = CIRCLE('',#1218,2.9);
#1218 = AXIS2_PLACEMENT_3D('',#1219,#1220,#1221);
#1219 = CARTESIAN_POINT('',(15.88,-15.88,-3.));
#1220 = DIRECTION('',(0.,0.,1.));
#1221 = DIRECTION('',(-2.22044604925E-16,-1.,0.));
#1222 = ORIENTED_EDGE('',*,*,#1208,.F.);
#1223 = ORIENTED_EDGE('',*,*,#479,.F.);
#1224 = CYLINDRICAL_SURFACE('',#1225,2.9);
#1225 = AXIS2_PLACEMENT_3D('',#1226,#1227,#1228);
#1226 = CARTESIAN_POINT('',(15.88,-15.88,0.));
#1227 = DIRECTION('',(0.,0.,1.));
#1228 = DIRECTION('',(-2.22044604925E-16,-1.,0.));
#1229 = ADVANCED_FACE('',(#1230),#1249,.F.);
#1230 = FACE_BOUND('',#1231,.F.);
#1231 = EDGE_LOOP('',(#1232,#1240,#1247,#1248));
#1232 = ORIENTED_EDGE('',*,*,#1233,.T.);
#1233 = EDGE_CURVE('',#495,#1234,#1236,.T.);
#1234 = VERTEX_POINT('',#1235);
#1235 = CARTESIAN_POINT('',(-15.88,18.78,-3.));
#1236 = LINE('',#1237,#1238);
#1237 = CARTESIAN_POINT('',(-15.88,18.78,0.));
#1238 = VECTOR('',#1239,1.);
#1239 = DIRECTION('',(0.,-0.,-1.));
#1240 = ORIENTED_EDGE('',*,*,#1241,.T.);
#1241 = EDGE_CURVE('',#1234,#1234,#1242,.T.);
#1242 = CIRCLE('',#1243,2.9);
#1243 = AXIS2_PLACEMENT_3D('',#1244,#1245,#1246);
#1244 = CARTESIAN_POINT('',(-15.88,15.88,-3.));
#1245 = DIRECTION('',(0.,-0.,1.));
#1246 = DIRECTION('',(1.110223024625E-16,1.,0.));
#1247 = ORIENTED_EDGE('',*,*,#1233,.F.);
#1248 = ORIENTED_EDGE('',*,*,#505,.F.);
#1249 = CYLINDRICAL_SURFACE('',#1250,2.9);
#1250 = AXIS2_PLACEMENT_3D('',#1251,#1252,#1253);
#1251 = CARTESIAN_POINT('',(-15.88,15.88,0.));
#1252 = DIRECTION('',(0.,0.,1.));
#1253 = DIRECTION('',(1.110223024625E-16,1.,0.));
#1254 = ADVANCED_FACE('',(#1255),#1300,.F.);
#1255 = FACE_BOUND('',#1256,.F.);
#1256 = EDGE_LOOP('',(#1257,#1258,#1265,#1299));
#1257 = ORIENTED_EDGE('',*,*,#520,.F.);
#1258 = ORIENTED_EDGE('',*,*,#1259,.T.);
#1259 = EDGE_CURVE('',#521,#1260,#1262,.T.);
#1260 = VERTEX_POINT('',#1261);
#1261 = CARTESIAN_POINT('',(-3.175022876734,2.965767722544E-11,
    -1.825624999529));
#1262 = B_SPLINE_CURVE_WITH_KNOTS('',1,(#1263,#1264),.UNSPECIFIED.,.F.,
  .F.,(2,2),(0.,1.10925),.PIECEWISE_BEZIER_KNOTS.);
#1263 = CARTESIAN_POINT('',(-2.214361362843,-2.517980856177E-06,
    -1.271039552352));
#1264 = CARTESIAN_POINT('',(-3.175022876734,2.954857171419E-11,
    -1.825624999529));
#1265 = ORIENTED_EDGE('',*,*,#1266,.T.);
#1266 = EDGE_CURVE('',#1260,#826,#1267,.T.);
#1267 = B_SPLINE_CURVE_WITH_KNOTS('',9,(#1268,#1269,#1270,#1271,#1272,
    #1273,#1274,#1275,#1276,#1277,#1278,#1279,#1280,#1281,#1282,#1283,
    #1284,#1285,#1286,#1287,#1288,#1289,#1290,#1291,#1292,#1293,#1294,
    #1295,#1296,#1297,#1298),.UNSPECIFIED.,.F.,.F.,(10,7,7,7,10),(0.,
    1.602562744566,3.205125489133,4.807688233699,6.410250978266),
  .UNSPECIFIED.);
#1268 = CARTESIAN_POINT('',(-3.175022876734,2.966027423668E-11,
    -1.825624999529));
#1269 = CARTESIAN_POINT('',(-3.175023849891,-0.554146251132,
    -1.790347221712));
#1270 = CARTESIAN_POINT('',(-3.066246509784,-1.108288771435,
    -1.755069443698));
#1271 = CARTESIAN_POINT('',(-2.848602035191,-1.638027851979,
    -1.71979166612));
#1272 = CARTESIAN_POINT('',(-2.528564159861,-2.118918765661,
    -1.684513888567));
#1273 = CARTESIAN_POINT('',(-2.118911377141,-2.528577409762,
    -1.649236110618));
#1274 = CARTESIAN_POINT('',(-1.638019746643,-2.848604180549,
    -1.61395833284));
#1275 = CARTESIAN_POINT('',(-1.108294655049,-3.066217742693,
    -1.578680555002));
#1276 = CARTESIAN_POINT('',(-5.9114777558E-06,-3.283831325305,
    -1.508124999425));
#1277 = CARTESIAN_POINT('',(1.108291736828,-3.066218298732,
    -1.437569443924));
#1278 = CARTESIAN_POINT('',(1.638025413523,-2.848605469979,
    -1.402291666178));
#1279 = CARTESIAN_POINT('',(2.11892761119,-2.528576927764,
    -1.367013888404));
#1280 = CARTESIAN_POINT('',(2.528582126161,-2.118921548639,
    -1.331736110598));
#1281 = CARTESIAN_POINT('',(2.848607274482,-1.638021642097,
    -1.296458332799));
#1282 = CARTESIAN_POINT('',(3.066216308887,-1.108291941699,
    -1.261180555019));
#1283 = CARTESIAN_POINT('',(3.283825421968,4.478614468443E-08,
    -1.190624999475));
#1284 = CARTESIAN_POINT('',(3.066215765514,1.108291924582,
    -1.120069443931));
#1285 = CARTESIAN_POINT('',(2.848606734635,1.638021456232,
    -1.084791666152));
#1286 = CARTESIAN_POINT('',(2.528582884673,2.11892164009,-1.049513888351
    ));
#1287 = CARTESIAN_POINT('',(2.118929010725,2.528578104804,
    -1.014236110547));
#1288 = CARTESIAN_POINT('',(1.638026083722,2.848607062661,
    -0.978958332772));
#1289 = CARTESIAN_POINT('',(1.108291851023,3.066218396834,
    -0.943680555028));
#1290 = CARTESIAN_POINT('',(-5.937576138351E-06,3.283829093835,
    -0.873124999524));
#1291 = CARTESIAN_POINT('',(-1.108294540854,3.066216411766,
    -0.802569443947));
#1292 = CARTESIAN_POINT('',(-1.638020167105,2.848604831893,
    -0.767291666143));
#1293 = CARTESIAN_POINT('',(-2.118911563692,2.528580368313,
    -0.732013888236));
#1294 = CARTESIAN_POINT('',(-2.528570909078,2.11892542646,
    -0.696736110505));
#1295 = CARTESIAN_POINT('',(-2.848603486706,1.638022499606,
    -0.661458332747));
#1296 = CARTESIAN_POINT('',(-3.066235866869,1.108288389424,
    -0.626180555276));
#1297 = CARTESIAN_POINT('',(-3.175024445438,0.554146251198,
    -0.590902777241));
#1298 = CARTESIAN_POINT('',(-3.175025418595,3.658427707027E-11,
    -0.555624999419));
#1299 = ORIENTED_EDGE('',*,*,#825,.F.);
#1300 = B_SPLINE_SURFACE_WITH_KNOTS('',1,9,(
    (#1301,#1302,#1303,#1304,#1305,#1306,#1307,#1308,#1309,#1310,#1311
      ,#1312,#1313,#1314,#1315,#1316,#1317,#1318,#1319,#1320,#1321,#1322
      ,#1323,#1324,#1325,#1326,#1327,#1328,#1329,#1330,#1331)
    ,(#1332,#1333,#1334,#1335,#1336,#1337,#1338,#1339,#1340,#1341,#1342
      ,#1343,#1344,#1345,#1346,#1347,#1348,#1349,#1350,#1351,#1352,#1353
      ,#1354,#1355,#1356,#1357,#1358,#1359,#1360,#1361,#1362
  )),.UNSPECIFIED.,.F.,.F.,.F.,(2,2),(10,7,7,7,10),(0.,1.10925),(0.,
    1.602562744566,3.205125489133,4.807688233699,6.410250978266),
  .UNSPECIFIED.);
#1301 = CARTESIAN_POINT('',(-2.214361362843,-2.517980744354E-06,
    -1.271039552352));
#1302 = CARTESIAN_POINT('',(-2.214360925288,-0.386517653463,
    -1.235763457088));
#1303 = CARTESIAN_POINT('',(-2.13848472902,-0.772929113968,
    -1.200495469844));
#1304 = CARTESIAN_POINT('',(-1.986728850794,-1.142386612679,
    -1.165207662612));
#1305 = CARTESIAN_POINT('',(-1.763499052246,-1.477824062163,
    -1.129924950886));
#1306 = CARTESIAN_POINT('',(-1.477783337399,-1.763508966176,
    -1.094649706245));
#1307 = CARTESIAN_POINT('',(-1.142400791407,-1.986709282768,
    -1.05937445571));
#1308 = CARTESIAN_POINT('',(-0.772956501036,-2.138476735943,
    -1.02409842691));
#1309 = CARTESIAN_POINT('',(-3.395977412609E-06,-2.290246136658,
    -0.953543720922));
#1310 = CARTESIAN_POINT('',(0.772961787304,-2.138475710477,
    -0.882986053871));
#1311 = CARTESIAN_POINT('',(1.142417773697,-1.98670482491,
    -0.847706952776));
#1312 = CARTESIAN_POINT('',(1.477811432623,-1.763504818302,
    -0.812429087422));
#1313 = CARTESIAN_POINT('',(1.763512560226,-1.477800856422,
    -0.777152340706));
#1314 = CARTESIAN_POINT('',(1.986706451818,-1.14241082328,
    -0.741875481637));
#1315 = CARTESIAN_POINT('',(2.138474606781,-0.772959739437,
    -0.706597764058));
#1316 = CARTESIAN_POINT('',(2.290242215771,2.74903373778E-06,
    -0.636041749706));
#1317 = CARTESIAN_POINT('',(2.138472750247,0.77296487298,-0.565485735354
    ));
#1318 = CARTESIAN_POINT('',(1.986703708404,1.142415592185,
    -0.530208017775));
#1319 = CARTESIAN_POINT('',(1.763509014078,1.477805090046,
    -0.494931158704));
#1320 = CARTESIAN_POINT('',(1.477807201799,1.763508368081,
    -0.459654411991));
#1321 = CARTESIAN_POINT('',(1.14241300571,1.986707570309,-0.424376546638
    ));
#1322 = CARTESIAN_POINT('',(0.772956653946,2.138477566193,
    -0.389097445544));
#1323 = CARTESIAN_POINT('',(-8.893930655285E-06,2.290246132475,
    -0.318539778491));
#1324 = CARTESIAN_POINT('',(-0.772961634392,2.1384748779,-0.2479850725)
  );
#1325 = CARTESIAN_POINT('',(-1.142405561419,1.98670654154,
    -0.212709043699));
#1326 = CARTESIAN_POINT('',(-1.477787571201,1.763505424113,
    -0.177433793167));
#1327 = CARTESIAN_POINT('',(-1.763502612368,1.477819841227,
    -0.142158548528));
#1328 = CARTESIAN_POINT('',(-1.986731596098,1.142381833553,
    -0.106875836811));
#1329 = CARTESIAN_POINT('',(-2.13848656476,0.772923979604,
    -7.158802956531E-02));
#1330 = CARTESIAN_POINT('',(-2.214361853976,0.386512337726,
    -3.632004232302E-02));
#1331 = CARTESIAN_POINT('',(-2.214361367609,-2.79775659764E-06,
    -1.043947059777E-03));
#1332 = CARTESIAN_POINT('',(-3.175022876734,2.966027423668E-11,
    -1.825624999529));
#1333 = CARTESIAN_POINT('',(-3.175023849891,-0.554146251132,
    -1.790347221712));
#1334 = CARTESIAN_POINT('',(-3.066246509784,-1.108288771435,
    -1.755069443698));
#1335 = CARTESIAN_POINT('',(-2.848602035191,-1.638027851979,
    -1.71979166612));
#1336 = CARTESIAN_POINT('',(-2.528564159861,-2.118918765661,
    -1.684513888567));
#1337 = CARTESIAN_POINT('',(-2.118911377141,-2.528577409762,
    -1.649236110618));
#1338 = CARTESIAN_POINT('',(-1.638019746643,-2.848604180549,
    -1.61395833284));
#1339 = CARTESIAN_POINT('',(-1.108294655049,-3.066217742693,
    -1.578680555002));
#1340 = CARTESIAN_POINT('',(-5.9114777558E-06,-3.283831325305,
    -1.508124999425));
#1341 = CARTESIAN_POINT('',(1.108291736828,-3.066218298732,
    -1.437569443924));
#1342 = CARTESIAN_POINT('',(1.638025413523,-2.848605469979,
    -1.402291666178));
#1343 = CARTESIAN_POINT('',(2.11892761119,-2.528576927764,
    -1.367013888404));
#1344 = CARTESIAN_POINT('',(2.528582126161,-2.118921548639,
    -1.331736110598));
#1345 = CARTESIAN_POINT('',(2.848607274482,-1.638021642097,
    -1.296458332799));
#1346 = CARTESIAN_POINT('',(3.066216308887,-1.108291941699,
    -1.261180555019));
#1347 = CARTESIAN_POINT('',(3.283825421968,4.478614468443E-08,
    -1.190624999475));
#1348 = CARTESIAN_POINT('',(3.066215765514,1.108291924582,
    -1.120069443931));
#1349 = CARTESIAN_POINT('',(2.848606734635,1.638021456232,
    -1.084791666152));
#1350 = CARTESIAN_POINT('',(2.528582884673,2.11892164009,-1.049513888351
    ));
#1351 = CARTESIAN_POINT('',(2.118929010725,2.528578104804,
    -1.014236110547));
#1352 = CARTESIAN_POINT('',(1.638026083722,2.848607062661,
    -0.978958332772));
#1353 = CARTESIAN_POINT('',(1.108291851023,3.066218396834,
    -0.943680555028));
#1354 = CARTESIAN_POINT('',(-5.937576138351E-06,3.283829093835,
    -0.873124999524));
#1355 = CARTESIAN_POINT('',(-1.108294540854,3.066216411766,
    -0.802569443947));
#1356 = CARTESIAN_POINT('',(-1.638020167105,2.848604831893,
    -0.767291666143));
#1357 = CARTESIAN_POINT('',(-2.118911563692,2.528580368313,
    -0.732013888236));
#1358 = CARTESIAN_POINT('',(-2.528570909078,2.11892542646,
    -0.696736110505));
#1359 = CARTESIAN_POINT('',(-2.848603486706,1.638022499606,
    -0.661458332747));
#1360 = CARTESIAN_POINT('',(-3.066235866869,1.108288389424,
    -0.626180555276));
#1361 = CARTESIAN_POINT('',(-3.175024445438,0.554146251198,
    -0.590902777241));
#1362 = CARTESIAN_POINT('',(-3.175025418595,3.658427707027E-11,
    -0.555624999419));
#1363 = ADVANCED_FACE('',(#1364),#1555,.F.);
#1364 = FACE_BOUND('',#1365,.T.);
#1365 = EDGE_LOOP('',(#1366,#1457,#1465,#1554));
#1366 = ORIENTED_EDGE('',*,*,#1367,.F.);
#1367 = EDGE_CURVE('',#1368,#521,#1370,.T.);
#1368 = VERTEX_POINT('',#1369);
#1369 = CARTESIAN_POINT('',(-2.550000000002,-7.281020707584E-07,
    -2.734799839885));
#1370 = B_SPLINE_CURVE_WITH_KNOTS('',7,(#1371,#1372,#1373,#1374,#1375,
    #1376,#1377,#1378,#1379,#1380,#1381,#1382,#1383,#1384,#1385,#1386,
    #1387,#1388,#1389,#1390,#1391,#1392,#1393,#1394,#1395,#1396,#1397,
    #1398,#1399,#1400,#1401,#1402,#1403,#1404,#1405,#1406,#1407,#1408,
    #1409,#1410,#1411,#1412,#1413,#1414,#1415,#1416,#1417,#1418,#1419,
    #1420,#1421,#1422,#1423,#1424,#1425,#1426,#1427,#1428,#1429,#1430,
    #1431,#1432,#1433,#1434,#1435,#1436,#1437,#1438,#1439,#1440,#1441,
    #1442,#1443,#1444,#1445,#1446,#1447,#1448,#1449,#1450,#1451,#1452,
    #1453,#1454,#1455,#1456),.UNSPECIFIED.,.F.,.F.,(8,6,6,6,6,6,6,6,6,6,
    6,6,6,6,8),(0.,3.383903064272E-02,0.136084407414,0.218876768354,
    0.272333337564,0.380526265894,0.497145065319,0.531660380464,
    0.630659220772,0.736926607456,0.786396239492,0.86947939086,
    0.956213571043,0.985117561183,1.),.UNSPECIFIED.);
#1371 = CARTESIAN_POINT('',(-2.550000000003,-1.456204182571E-06,
    -2.734799839885));
#1372 = CARTESIAN_POINT('',(-2.550000000003,-7.745033025972E-02,
    -2.728661331049));
#1373 = CARTESIAN_POINT('',(-2.547255651417,-0.154899200084,
    -2.722522388122));
#1374 = CARTESIAN_POINT('',(-2.541767016614,-0.232230909765,
    -2.716383204575));
#1375 = CARTESIAN_POINT('',(-2.533540316684,-0.309328946329,
    -2.710243927242));
#1376 = CARTESIAN_POINT('',(-2.522587931441,-0.386077439747,
    -2.70410465632));
#1377 = CARTESIAN_POINT('',(-2.508928399422,-0.462361162934,
    -2.697965445368));
#1378 = CARTESIAN_POINT('',(-2.443208760561,-0.766807950335,
    -2.673276742244));
#1379 = CARTESIAN_POINT('',(-2.369327861622,-0.990323621925,
    -2.654723089182));
#1380 = CARTESIAN_POINT('',(-2.271625123403,-1.20535273011,
    -2.636174086226));
#1381 = CARTESIAN_POINT('',(-2.151319615712,-1.408893500293,
    -2.617627283126));
#1382 = CARTESIAN_POINT('',(-2.010050315788,-1.598172617668,
    -2.599077615033));
#1383 = CARTESIAN_POINT('',(-1.849859001469,-1.770674556491,
    -2.580524188088));
#1384 = CARTESIAN_POINT('',(-1.530285367157,-2.048569944881,
    -2.546955436195));
#1385 = CARTESIAN_POINT('',(-1.376501200365,-2.160527742417,
    -2.531933776934));
#1386 = CARTESIAN_POINT('',(-1.213235896131,-2.258951710825,
    -2.516913276265));
#1387 = CARTESIAN_POINT('',(-1.041926483518,-2.342902808185,
    -2.501893579402));
#1388 = CARTESIAN_POINT('',(-0.864107709489,-2.411628944227,
    -2.486873180198));
#1389 = CARTESIAN_POINT('',(-0.681402181187,-2.464569802346,
    -2.471851633582));
#1390 = CARTESIAN_POINT('',(-0.37551022006,-2.52516698731,-2.44713392925
    ));
#1391 = CARTESIAN_POINT('',(-0.254161891273,-2.542224304911,
    -2.43743589354));
#1392 = CARTESIAN_POINT('',(-0.131935630526,-2.55247398227,
    -2.42773798737));
#1393 = CARTESIAN_POINT('',(-9.289612696813E-03,-2.555864661668,
    -2.418040144793));
#1394 = CARTESIAN_POINT('',(0.113316301003,-2.552383624596,
    -2.408342180775));
#1395 = CARTESIAN_POINT('',(0.235421797406,-2.542056825665,
    -2.398644038743));
#1396 = CARTESIAN_POINT('',(0.601758756772,-2.49032355248,
    -2.369317859541));
#1397 = CARTESIAN_POINT('',(0.843107670321,-2.427908174459,
    -2.349683245866));
#1398 = CARTESIAN_POINT('',(1.076685545101,-2.338227092876,
    -2.330053080505));
#1399 = CARTESIAN_POINT('',(1.298852737041,-2.222507370339,
    -2.310425783759));
#1400 = CARTESIAN_POINT('',(1.506223590562,-2.08251244646,
    -2.290795644647));
#1401 = CARTESIAN_POINT('',(1.695706677627,-1.920521273028,
    -2.271161133428));
#1402 = CARTESIAN_POINT('',(2.046688372358,-1.544283391482,
    -2.230376667565));
#1403 = CARTESIAN_POINT('',(2.205002891247,-1.326794909378,
    -2.209211192007));
#1404 = CARTESIAN_POINT('',(2.336125065133,-1.090602198741,
    -2.188053658606));
#1405 = CARTESIAN_POINT('',(2.437536719419,-0.839825946176,
    -2.16689882445));
#1406 = CARTESIAN_POINT('',(2.507452229333,-0.578881603738,
    -2.145741254572));
#1407 = CARTESIAN_POINT('',(2.544817484487,-0.312482024294,
    -2.124575724848));
#1408 = CARTESIAN_POINT('',(2.55100507959,3.336720400598E-02,
    -2.097157437136));
#1409 = CARTESIAN_POINT('',(2.549563537996,0.112402086893,
    -2.090895734011));
#1410 = CARTESIAN_POINT('',(2.545265168374,0.191363951187,
    -2.084633994492));
#1411 = CARTESIAN_POINT('',(2.538114467956,0.270128968589,
    -2.078372223344));
#1412 = CARTESIAN_POINT('',(2.528122623088,0.348573925197,
    -2.072110426023));
#1413 = CARTESIAN_POINT('',(2.515307509224,0.426576221514,
    -2.065848608675));
#1414 = CARTESIAN_POINT('',(2.45490922648,0.726125060082,-2.041626230505
    ));
#1415 = CARTESIAN_POINT('',(2.387089177327,0.943644803266,-2.02366146974
    ));
#1416 = CARTESIAN_POINT('',(2.296812249193,1.153611917984,
    -2.005699630514));
#1417 = CARTESIAN_POINT('',(2.185130586759,1.353281443073,
    -1.987739784675));
#1418 = CARTESIAN_POINT('',(2.053471292193,1.540101972585,
    -1.969778256567));
#1419 = CARTESIAN_POINT('',(1.903622616332,1.711740320955,
    -1.951813987401));
#1420 = CARTESIAN_POINT('',(1.55981259996,2.03190381851,-1.914575274541)
  );
#1421 = CARTESIAN_POINT('',(1.363321759908,2.17789831539,-1.895291070782
    ));
#1422 = CARTESIAN_POINT('',(1.151058227859,2.301561365801,
    -1.876011252816));
#1423 = CARTESIAN_POINT('',(0.926087927151,2.400933323102,
    -1.856734070149));
#1424 = CARTESIAN_POINT('',(0.69171935486,2.474552697385,-1.837453985977
    ));
#1425 = CARTESIAN_POINT('',(0.451465899208,2.521472907104,
    -1.818169458561));
#1426 = CARTESIAN_POINT('',(9.622669409248E-02,2.550696434828,
    -1.789915934523));
#1427 = CARTESIAN_POINT('',(-1.709696659304E-02,2.554133963512,
    -1.78094110267));
#1428 = CARTESIAN_POINT('',(-0.130536959254,2.551696236012,
    -1.771966359107));
#1429 = CARTESIAN_POINT('',(-0.243728012647,2.543381654848,
    -1.762991688142));
#1430 = CARTESIAN_POINT('',(-0.356306530812,2.529216934934,
    -1.754016992105));
#1431 = CARTESIAN_POINT('',(-0.467911415285,2.509257038642,
    -1.745042255359));
#1432 = CARTESIAN_POINT('',(-0.763386741289,2.440469676714,
    -1.72099515533));
#1433 = CARTESIAN_POINT('',(-0.944858872603,2.381236916265,
    -1.705921071623));
#1434 = CARTESIAN_POINT('',(-1.120879504122,2.306281017551,
    -1.690848453402));
#1435 = CARTESIAN_POINT('',(-1.289828804331,2.216223135711,
    -1.67577679958));
#1436 = CARTESIAN_POINT('',(-1.450182552392,2.111875719844,
    -1.660704349411));
#1437 = CARTESIAN_POINT('',(-1.600522015971,1.994237263574,
    -1.64563041488));
#1438 = CARTESIAN_POINT('',(-1.884707992853,1.729097253241,
    -1.614822846066));
#1439 = CARTESIAN_POINT('',(-2.017576541223,1.580475900309,
    -1.599085359707));
#1440 = CARTESIAN_POINT('',(-2.136687641948,1.420021012523,
    -1.583348911784));
#1441 = CARTESIAN_POINT('',(-2.240805880605,1.24927302792,
    -1.567612730472));
#1442 = CARTESIAN_POINT('',(-2.328908081183,1.069910014842,
    -1.551875288004));
#1443 = CARTESIAN_POINT('',(-2.400190653019,0.88373556327,
    -1.536136998368));
#1444 = CARTESIAN_POINT('',(-2.472084748657,0.629024163392,-1.5151583887
    ));
#1445 = CARTESIAN_POINT('',(-2.488127940066,0.564814518451,
    -1.509914867583));
#1446 = CARTESIAN_POINT('',(-2.502224442538,0.500131074161,
    -1.504671498939));
#1447 = CARTESIAN_POINT('',(-2.514357692086,0.435044656228,
    -1.499428288418));
#1448 = CARTESIAN_POINT('',(-2.524514369207,0.369626690314,
    -1.49418521885));
#1449 = CARTESIAN_POINT('',(-2.532684398891,0.303949202033,
    -1.488942250239));
#1450 = CARTESIAN_POINT('',(-2.542041208864,0.204171759404,
    -1.480999775805));
#1451 = CARTESIAN_POINT('',(-2.544692973468,0.170209115664,
    -1.478300239631));
#1452 = CARTESIAN_POINT('',(-2.546815316067,0.136206770954,
    -1.47560070109));
#1453 = CARTESIAN_POINT('',(-2.548407539753,0.10217462355,
    -1.472901146569));
#1454 = CARTESIAN_POINT('',(-2.549469179067,6.812258478642E-02,
    -1.470201558993));
#1455 = CARTESIAN_POINT('',(-2.550000000003,3.406057905237E-02,
    -1.467501917828));
#1456 = CARTESIAN_POINT('',(-2.550000000003,-1.456204144379E-06,
    -1.464802199078));
#1457 = ORIENTED_EDGE('',*,*,#1458,.T.);
#1458 = EDGE_CURVE('',#1368,#1459,#1461,.T.);
#1459 = VERTEX_POINT('',#1460);
#1460 = CARTESIAN_POINT('',(-2.550000000002,-8.191396240956E-07,
    -2.345270212451));
#1461 = LINE('',#1462,#1463);
#1462 = CARTESIAN_POINT('',(-2.55,0.,-6.2));
#1463 = VECTOR('',#1464,1.);
#1464 = DIRECTION('',(4.800964430811E-17,0.,1.));
#1465 = ORIENTED_EDGE('',*,*,#1466,.T.);
#1466 = EDGE_CURVE('',#1459,#614,#1467,.T.);
#1467 = B_SPLINE_CURVE_WITH_KNOTS('',7,(#1468,#1469,#1470,#1471,#1472,
    #1473,#1474,#1475,#1476,#1477,#1478,#1479,#1480,#1481,#1482,#1483,
    #1484,#1485,#1486,#1487,#1488,#1489,#1490,#1491,#1492,#1493,#1494,
    #1495,#1496,#1497,#1498,#1499,#1500,#1501,#1502,#1503,#1504,#1505,
    #1506,#1507,#1508,#1509,#1510,#1511,#1512,#1513,#1514,#1515,#1516,
    #1517,#1518,#1519,#1520,#1521,#1522,#1523,#1524,#1525,#1526,#1527,
    #1528,#1529,#1530,#1531,#1532,#1533,#1534,#1535,#1536,#1537,#1538,
    #1539,#1540,#1541,#1542,#1543,#1544,#1545,#1546,#1547,#1548,#1549,
    #1550,#1551,#1552,#1553),.UNSPECIFIED.,.F.,.F.,(8,6,6,6,6,6,6,6,6,6,
    6,6,6,6,8),(0.,1.600114567983E-02,4.765263900834E-02,0.136300513708,
    0.228299996985,0.297099474811,0.38895604415,0.499095248558,
    0.584925541139,0.634927774739,0.751408194448,0.823467759164,
    0.876030668865,0.959949932487,1.),.UNSPECIFIED.);
#1468 = CARTESIAN_POINT('',(-2.550000000004,-1.638279136351E-06,
    -2.345270212451));
#1469 = CARTESIAN_POINT('',(-2.550000000004,-3.662456787103E-02,
    -2.342367603423));
#1470 = CARTESIAN_POINT('',(-2.549386361041,-7.324746156165E-02,
    -2.339465127334));
#1471 = CARTESIAN_POINT('',(-2.548159086081,-0.109857970803,
    -2.336562740913));
#1472 = CARTESIAN_POINT('',(-2.546318487496,-0.146443762862,
    -2.333660407644));
#1473 = CARTESIAN_POINT('',(-2.543865187068,-0.18299252082,
    -2.33075809777));
#1474 = CARTESIAN_POINT('',(-2.540800115983,-0.219491943576,
    -2.327855788287));
#1475 = CARTESIAN_POINT('',(-2.529853893874,-0.328006513242,
    -2.319212440843));
#1476 = CARTESIAN_POINT('',(-2.520194364558,-0.399842408011,
    -2.313471338402));
#1477 = CARTESIAN_POINT('',(-2.508155578123,-0.471342057588,
    -2.307730048437));
#1478 = CARTESIAN_POINT('',(-2.493751838301,-0.542411025277,
    -2.301988505376));
#1479 = CARTESIAN_POINT('',(-2.477002101323,-0.612955810238,
    -2.296246685269));
#1480 = CARTESIAN_POINT('',(-2.457929975915,-0.682883847494,
    -2.290504605783));
#1481 = CARTESIAN_POINT('',(-2.376722221821,-0.94597037295,
    -2.26867964489));
#1482 = CARTESIAN_POINT('',(-2.298875726717,-1.134311172351,
    -2.252592899873));
#1483 = CARTESIAN_POINT('',(-2.20364992851,-1.315066732151,
    -2.236507018251));
#1484 = CARTESIAN_POINT('',(-2.091956211924,-1.486335599603,
    -2.220422751019));
#1485 = CARTESIAN_POINT('',(-1.964940850652,-1.646359936098,
    -2.204338502189));
#1486 = CARTESIAN_POINT('',(-1.823976379716,-1.793538871602,
    -2.188253335213));
#1487 = CARTESIAN_POINT('',(-1.511618637386,-2.064425618641,
    -2.155480941428));
#1488 = CARTESIAN_POINT('',(-1.339224447486,-2.187080682363,
    -2.138788578125));
#1489 = CARTESIAN_POINT('',(-1.155326185788,-2.292846157314,
    -2.122098665898));
#1490 = CARTESIAN_POINT('',(-0.961920709978,-2.38046861823,
    -2.105409965593));
#1491 = CARTESIAN_POINT('',(-0.761144676966,-2.448980089986,
    -2.088719537408));
#1492 = CARTESIAN_POINT('',(-0.555257092023,-2.497705927415,
    -2.072026615545));
#1493 = CARTESIAN_POINT('',(-0.190644734211,-2.547735880417,
    -2.042854731272));
#1494 = CARTESIAN_POINT('',(-3.309100367712E-02,-2.557903965028,
    -2.030372409368));
#1495 = CARTESIAN_POINT('',(0.125027014118,-2.556696811419,
    -2.017890467507));
#1496 = CARTESIAN_POINT('',(0.28272573129,-2.54409050686,-2.005408791617
    ));
#1497 = CARTESIAN_POINT('',(0.439027612122,-2.520163175836,
    -1.992926823279));
#1498 = CARTESIAN_POINT('',(0.592965344898,-2.48509466158,-1.9804444362)
  );
#1499 = CARTESIAN_POINT('',(0.94468688705,-2.377871754544,
    -1.951298148873));
#1500 = CARTESIAN_POINT('',(1.139924518238,-2.297212281113,
    -1.934630844158));
#1501 = CARTESIAN_POINT('',(1.327001314369,-2.197887514588,
    -1.917965799509));
#1502 = CARTESIAN_POINT('',(1.50380367467,-2.080917124619,
    -1.901302188355));
#1503 = CARTESIAN_POINT('',(1.668384356856,-1.947589412177,
    -1.884637257995));
#1504 = CARTESIAN_POINT('',(1.818978340752,-1.799450801118,
    -1.867970142781));
#1505 = CARTESIAN_POINT('',(2.116012283817,-1.445178761666,
    -1.831324418187));
#1506 = CARTESIAN_POINT('',(2.255749844713,-1.23326283221,
    -1.811336088304));
#1507 = CARTESIAN_POINT('',(2.370549823742,-1.005786753004,
    -1.791352548909));
#1508 = CARTESIAN_POINT('',(2.458437168418,-0.766289435394,
    -1.771372036218));
#1509 = CARTESIAN_POINT('',(2.518024294027,-0.518551961453,
    -1.751388327693));
#1510 = CARTESIAN_POINT('',(2.548528321462,-0.266550743927,
    -1.731399812988));
#1511 = CARTESIAN_POINT('',(2.551073795891,0.181967741523,
    -1.695847233713));
#1512 = CARTESIAN_POINT('',(2.534533298605,0.378534746255,
    -1.680274187643));
#1513 = CARTESIAN_POINT('',(2.500318537502,0.573277275102,
    -1.664702829995));
#1514 = CARTESIAN_POINT('',(2.448690413497,0.764299858077,
    -1.649132613629));
#1515 = CARTESIAN_POINT('',(2.380145825562,0.949763949538,
    -1.633561585009));
#1516 = CARTESIAN_POINT('',(2.295414225541,1.127900763782,
    -1.617989083049));
#1517 = CARTESIAN_POINT('',(2.137284228983,1.395567508022,
    -1.593347535057));
#1518 = CARTESIAN_POINT('',(2.073913867293,1.491053639657,
    -1.584276404576));
#1519 = CARTESIAN_POINT('',(2.005576559162,1.583166713955,
    -1.575205322867));
#1520 = CARTESIAN_POINT('',(1.932489060243,1.671598013046,
    -1.566134238542));
#1521 = CARTESIAN_POINT('',(1.854891217563,1.756057339261,
    -1.557063016356));
#1522 = CARTESIAN_POINT('',(1.773045413657,1.836273687086,
    -1.547991616435));
#1523 = CARTESIAN_POINT('',(1.48734263493,2.088391173206,-1.517788540847
    ));
#1524 = CARTESIAN_POINT('',(1.265846761284,2.240481760315,
    -1.496647186135));
#1525 = CARTESIAN_POINT('',(1.026443411249,2.364942466019,
    -1.475513005335));
#1526 = CARTESIAN_POINT('',(0.77330578066,2.459377338985,-1.454381248837
    ));
#1527 = CARTESIAN_POINT('',(0.510880670621,2.522127434032,
    -1.433247056736));
#1528 = CARTESIAN_POINT('',(0.243890911575,2.552269887508,
    -1.412105698205));
#1529 = CARTESIAN_POINT('',(-0.187613066895,2.548429654374,
    -1.377900866977));
#1530 = CARTESIAN_POINT('',(-0.352432927411,2.534517534969,
    -1.364827141699));
#1531 = CARTESIAN_POINT('',(-0.516006785973,2.508168418898,
    -1.351754169609));
#1532 = CARTESIAN_POINT('',(-0.677212884268,2.469525182629,
    -1.338681648941));
#1533 = CARTESIAN_POINT('',(-0.834955489766,2.418850500894,
    -1.325608737646));
#1534 = CARTESIAN_POINT('',(-0.988170065472,2.356525596266,
    -1.312535198762));
#1535 = CARTESIAN_POINT('',(-1.243541765175,2.22947739775,-1.28992672457
    ));
#1536 = CARTESIAN_POINT('',(-1.34830415963,2.169961825593,
    -1.280390795065));
#1537 = CARTESIAN_POINT('',(-1.449724214779,2.104713340052,
    -1.270854960147));
#1538 = CARTESIAN_POINT('',(-1.547426964034,2.033958846208,
    -1.261319168611));
#1539 = CARTESIAN_POINT('',(-1.641058181454,1.957954858,-1.251783260097)
  );
#1540 = CARTESIAN_POINT('',(-1.730285298032,1.876986836117,
    -1.242247193858));
#1541 = CARTESIAN_POINT('',(-1.949727499793,1.654674693929,
    -1.217486719352));
#1542 = CARTESIAN_POINT('',(-2.072660793389,1.506107473969,
    -1.202260323709));
#1543 = CARTESIAN_POINT('',(-2.182313961029,1.346958111536,
    -1.187035219111));
#1544 = CARTESIAN_POINT('',(-2.277619207631,1.178660896851,
    -1.171811054719));
#1545 = CARTESIAN_POINT('',(-2.357699364379,1.002764927534,
    -1.156586126684));
#1546 = CARTESIAN_POINT('',(-2.421873747101,0.820923688676,
    -1.141359814965));
#1547 = CARTESIAN_POINT('',(-2.492518482863,0.546124703217,
    -1.118869518259));
#1548 = CARTESIAN_POINT('',(-2.511618234162,0.456389139382,
    -1.111603704302));
#1549 = CARTESIAN_POINT('',(-2.526946553321,0.365884377032,
    -1.104337893408));
#1550 = CARTESIAN_POINT('',(-2.53846711581,0.274800538838,
    -1.097072123166));
#1551 = CARTESIAN_POINT('',(-2.546155662567,0.183329251859,
    -1.089806464111));
#1552 = CARTESIAN_POINT('',(-2.550000000004,9.166364754051E-02,
    -1.082541019731));
#1553 = CARTESIAN_POINT('',(-2.550000000004,-1.638279248262E-06,
    -1.075275926464));
#1554 = ORIENTED_EDGE('',*,*,#613,.F.);
#1555 = CYLINDRICAL_SURFACE('',#1556,2.55);
#1556 = AXIS2_PLACEMENT_3D('',#1557,#1558,#1559);
#1557 = CARTESIAN_POINT('',(0.,0.,-6.2));
#1558 = DIRECTION('',(0.,0.,1.));
#1559 = DIRECTION('',(-1.,0.,0.));
#1560 = ADVANCED_FACE('',(#1561),#1596,.F.);
#1561 = FACE_BOUND('',#1562,.F.);
#1562 = EDGE_LOOP('',(#1563,#1564,#1571,#1595));
#1563 = ORIENTED_EDGE('',*,*,#1266,.F.);
#1564 = ORIENTED_EDGE('',*,*,#1565,.T.);
#1565 = EDGE_CURVE('',#1260,#1566,#1568,.T.);
#1566 = VERTEX_POINT('',#1567);
#1567 = CARTESIAN_POINT('',(-3.175029412944,3.813742190965E-11,
    -1.984374999394));
#1568 = B_SPLINE_CURVE_WITH_KNOTS('',1,(#1569,#1570),.UNSPECIFIED.,.F.,
  .F.,(2,2),(0.,0.15875),.PIECEWISE_BEZIER_KNOTS.);
#1569 = CARTESIAN_POINT('',(-3.175022876734,2.954789712865E-11,
    -1.825624999529));
#1570 = CARTESIAN_POINT('',(-3.175029412944,3.802733651874E-11,
    -1.984374999394));
#1571 = ORIENTED_EDGE('',*,*,#1572,.T.);
#1572 = EDGE_CURVE('',#1566,#935,#1573,.T.);
#1573 = B_SPLINE_CURVE_WITH_KNOTS('',11,(#1574,#1575,#1576,#1577,#1578,
    #1579,#1580,#1581,#1582,#1583,#1584,#1585,#1586,#1587,#1588,#1589,
    #1590,#1591,#1592,#1593,#1594),.UNSPECIFIED.,.F.,.F.,(12,9,12),(0.,
    3.205125489133,6.410250978266),.UNSPECIFIED.);
#1574 = CARTESIAN_POINT('',(-3.175029412944,3.813971360955E-11,
    -1.984374999394));
#1575 = CARTESIAN_POINT('',(-3.175031460365,-0.90678674461,
    -1.926647726584));
#1576 = CARTESIAN_POINT('',(-2.890234962523,-1.813563865974,
    -1.868920453112));
#1577 = CARTESIAN_POINT('',(-2.320254575976,-2.620960378191,
    -1.811193182439));
#1578 = CARTESIAN_POINT('',(-1.50489287193,-3.229301677126,
    -1.753465908448));
#1579 = CARTESIAN_POINT('',(-0.521565514361,-3.557150623832,
    -1.695738634213));
#1580 = CARTESIAN_POINT('',(0.521547129926,-3.557007120317,
    -1.638011363982));
#1581 = CARTESIAN_POINT('',(1.504827311292,-3.229403537943,
    -1.580284090034));
#1582 = CARTESIAN_POINT('',(2.320417000564,-2.620916691366,
    -1.522556817578));
#1583 = CARTESIAN_POINT('',(2.890157114169,-1.813572625194,
    -1.464829544756));
#1584 = CARTESIAN_POINT('',(3.459898715265,1.130744505205E-07,
    -1.349374999325));
#1585 = CARTESIAN_POINT('',(2.890155970969,1.813572492202,
    -1.233920453895));
#1586 = CARTESIAN_POINT('',(2.320411738722,2.620922105574,
    -1.176193181127));
#1587 = CARTESIAN_POINT('',(1.504858720941,3.229371194849,
    -1.118465908351));
#1588 = CARTESIAN_POINT('',(0.521505425504,3.557113424684,
    -1.060738635265));
#1589 = CARTESIAN_POINT('',(-0.521559517996,3.55698646804,
    -1.003011363641));
#1590 = CARTESIAN_POINT('',(-1.504838126871,3.229413648682,
    -0.945284090865));
#1591 = CARTESIAN_POINT('',(-2.320331522709,2.620934849374,
    -0.887556815881));
#1592 = CARTESIAN_POINT('',(-2.890198761406,1.813562579897,
    -0.82982954561));
#1593 = CARTESIAN_POINT('',(-3.175030633629,0.906786744695,
    -0.772102272073));
#1594 = CARTESIAN_POINT('',(-3.175032681051,4.704767655833E-11,
    -0.714374999252));
#1595 = ORIENTED_EDGE('',*,*,#934,.F.);
#1596 = B_SPLINE_SURFACE_WITH_KNOTS('',1,11,(
    (#1597,#1598,#1599,#1600,#1601,#1602,#1603,#1604,#1605,#1606,#1607
      ,#1608,#1609,#1610,#1611,#1612,#1613,#1614,#1615,#1616,#1617)
    ,(#1618,#1619,#1620,#1621,#1622,#1623,#1624,#1625,#1626,#1627,#1628
      ,#1629,#1630,#1631,#1632,#1633,#1634,#1635,#1636,#1637,#1638
  )),.UNSPECIFIED.,.F.,.F.,.F.,(2,2),(12,9,12),(0.,0.15875),(0.,
    3.205125489133,6.410250978266),.UNSPECIFIED.);
#1597 = CARTESIAN_POINT('',(-3.175022876734,2.966071832589E-11,
    -1.825624999529));
#1598 = CARTESIAN_POINT('',(-3.175024469173,-0.906784774598,
    -1.767897726737));
#1599 = CARTESIAN_POINT('',(-2.890224659611,-1.813559781162,
    -1.710170453429));
#1600 = CARTESIAN_POINT('',(-2.3202580847,-2.620951847042,
    -1.652443182303));
#1601 = CARTESIAN_POINT('',(-1.504883516662,-3.229307101701,
    -1.594715908587));
#1602 = CARTESIAN_POINT('',(-0.5215637174,-3.557124652975,
    -1.536988634695));
#1603 = CARTESIAN_POINT('',(0.521541364365,-3.557011204269,
    -1.479261363902));
#1604 = CARTESIAN_POINT('',(1.504827530872,-3.229392925804,
    -1.42153409023));
#1605 = CARTESIAN_POINT('',(2.320411373679,-2.620911597904,
    -1.363806817711));
#1606 = CARTESIAN_POINT('',(2.890150706829,-1.813568669586,
    -1.306079544912));
#1607 = CARTESIAN_POINT('',(3.459891196917,8.794673616239E-08,
    -1.190624999475));
#1608 = CARTESIAN_POINT('',(2.890149817674,1.813568566147,-1.07517045404
    ));
#1609 = CARTESIAN_POINT('',(2.320407281135,2.620915808955,-1.01744318128
    ));
#1610 = CARTESIAN_POINT('',(1.504851960599,3.229367770066,
    -0.959715908517));
#1611 = CARTESIAN_POINT('',(0.521508927592,3.557093885442,
    -0.901988635508));
#1612 = CARTESIAN_POINT('',(-0.52155905356,3.556996976249,
    -0.844261363641));
#1613 = CARTESIAN_POINT('',(-1.504840937171,3.229394190687,
    -0.786534090875));
#1614 = CARTESIAN_POINT('',(-2.320317932159,2.620931991297,
    -0.728806816393));
#1615 = CARTESIAN_POINT('',(-2.890196503186,1.81355878088,
    -0.671079545576));
#1616 = CARTESIAN_POINT('',(-3.175023826156,0.906784774664,
    -0.613352272218));
#1617 = CARTESIAN_POINT('',(-3.175025418595,3.658182613055E-11,
    -0.555624999419));
#1618 = CARTESIAN_POINT('',(-3.175029412944,3.813971360955E-11,
    -1.984374999394));
#1619 = CARTESIAN_POINT('',(-3.175031460365,-0.90678674461,
    -1.926647726584));
#1620 = CARTESIAN_POINT('',(-2.890234962523,-1.813563865974,
    -1.868920453112));
#1621 = CARTESIAN_POINT('',(-2.320254575976,-2.620960378191,
    -1.811193182439));
#1622 = CARTESIAN_POINT('',(-1.50489287193,-3.229301677126,
    -1.753465908448));
#1623 = CARTESIAN_POINT('',(-0.521565514361,-3.557150623832,
    -1.695738634213));
#1624 = CARTESIAN_POINT('',(0.521547129926,-3.557007120317,
    -1.638011363982));
#1625 = CARTESIAN_POINT('',(1.504827311292,-3.229403537943,
    -1.580284090034));
#1626 = CARTESIAN_POINT('',(2.320417000564,-2.620916691366,
    -1.522556817578));
#1627 = CARTESIAN_POINT('',(2.890157114169,-1.813572625194,
    -1.464829544756));
#1628 = CARTESIAN_POINT('',(3.459898715265,1.130744505205E-07,
    -1.349374999325));
#1629 = CARTESIAN_POINT('',(2.890155970969,1.813572492202,
    -1.233920453895));
#1630 = CARTESIAN_POINT('',(2.320411738722,2.620922105574,
    -1.176193181127));
#1631 = CARTESIAN_POINT('',(1.504858720941,3.229371194849,
    -1.118465908351));
#1632 = CARTESIAN_POINT('',(0.521505425504,3.557113424684,
    -1.060738635265));
#1633 = CARTESIAN_POINT('',(-0.521559517996,3.55698646804,
    -1.003011363641));
#1634 = CARTESIAN_POINT('',(-1.504838126871,3.229413648682,
    -0.945284090865));
#1635 = CARTESIAN_POINT('',(-2.320331522709,2.620934849374,
    -0.887556815881));
#1636 = CARTESIAN_POINT('',(-2.890198761406,1.813562579897,
    -0.82982954561));
#1637 = CARTESIAN_POINT('',(-3.175030633629,0.906786744695,
    -0.772102272073));
#1638 = CARTESIAN_POINT('',(-3.175032681051,4.704767655833E-11,
    -0.714374999252));
#1639 = ADVANCED_FACE('',(#1640),#1650,.F.);
#1640 = FACE_BOUND('',#1641,.F.);
#1641 = EDGE_LOOP('',(#1642,#1643,#1648,#1649));
#1642 = ORIENTED_EDGE('',*,*,#1572,.F.);
#1643 = ORIENTED_EDGE('',*,*,#1644,.T.);
#1644 = EDGE_CURVE('',#1566,#1459,#1645,.T.);
#1645 = B_SPLINE_CURVE_WITH_KNOTS('',1,(#1646,#1647),.UNSPECIFIED.,.F.,
  .F.,(2,2),(0.,1.10925),.PIECEWISE_BEZIER_KNOTS.);
#1646 = CARTESIAN_POINT('',(-3.175029412944,3.802756700862E-11,
    -1.984374999394));
#1647 = CARTESIAN_POINT('',(-2.214413570175,-2.517913124801E-06,
    -2.539039551277));
#1648 = ORIENTED_EDGE('',*,*,#1466,.T.);
#1649 = ORIENTED_EDGE('',*,*,#1013,.F.);
#1650 = B_SPLINE_SURFACE_WITH_KNOTS('',1,9,(
    (#1651,#1652,#1653,#1654,#1655,#1656,#1657,#1658,#1659,#1660,#1661
      ,#1662,#1663,#1664,#1665,#1666,#1667,#1668,#1669,#1670,#1671,#1672
      ,#1673,#1674,#1675,#1676,#1677,#1678,#1679,#1680,#1681)
    ,(#1682,#1683,#1684,#1685,#1686,#1687,#1688,#1689,#1690,#1691,#1692
      ,#1693,#1694,#1695,#1696,#1697,#1698,#1699,#1700,#1701,#1702,#1703
      ,#1704,#1705,#1706,#1707,#1708,#1709,#1710,#1711,#1712
  )),.UNSPECIFIED.,.F.,.F.,.F.,(2,2),(10,7,7,7,10),(0.,1.10925),(0.,
    1.602562744566,3.205125489133,4.807688233699,6.410250978266),
  .UNSPECIFIED.);
#1651 = CARTESIAN_POINT('',(-3.175029412944,3.813971360955E-11,
    -1.984374999394));
#1652 = CARTESIAN_POINT('',(-3.175030664146,-0.554147455025,
    -1.949097221566));
#1653 = CARTESIAN_POINT('',(-3.066254693198,-1.108291234527,
    -1.913819443485));
#1654 = CARTESIAN_POINT('',(-2.848608017668,-1.638032176221,
    -1.878541665963));
#1655 = CARTESIAN_POINT('',(-2.528568690279,-2.118922418401,
    -1.843263888475));
#1656 = CARTESIAN_POINT('',(-2.118915954959,-2.528582481739,
    -1.807986110477));
#1657 = CARTESIAN_POINT('',(-1.638023246021,-2.848610277509,
    -1.7727083327));
#1658 = CARTESIAN_POINT('',(-1.108297079692,-3.066224595721,
    -1.737430554844));
#1659 = CARTESIAN_POINT('',(-5.907747817252E-06,-3.283838779855,
    -1.66687499926));
#1660 = CARTESIAN_POINT('',(1.108294128822,-3.066224947617,
    -1.596319443775));
#1661 = CARTESIAN_POINT('',(1.638028877178,-2.848611432487,
    -1.561041666039));
#1662 = CARTESIAN_POINT('',(2.118932015675,-2.528582254238,
    -1.525763888264));
#1663 = CARTESIAN_POINT('',(2.52858751243,-2.11892613999,-1.490486110453
    ));
#1664 = CARTESIAN_POINT('',(2.84861354165,-1.638025228033,
    -1.455208332646));
#1665 = CARTESIAN_POINT('',(3.066223049415,-1.10829435243,
    -1.419930554866));
#1666 = CARTESIAN_POINT('',(3.28383255773,5.758216516948E-08,
    -1.349374999325));
#1667 = CARTESIAN_POINT('',(3.066222350792,1.108294330423,
    -1.278819443784));
#1668 = CARTESIAN_POINT('',(2.848612847561,1.638024989062,
    -1.243541666005));
#1669 = CARTESIAN_POINT('',(2.528588487659,2.11892625757,-1.208263888197
    ));
#1670 = CARTESIAN_POINT('',(2.118933815077,2.528583767574,
    -1.172986110385));
#1671 = CARTESIAN_POINT('',(1.638029738862,2.848613480222,
    -1.137708332611));
#1672 = CARTESIAN_POINT('',(1.108294275643,3.066225073747,
    -1.102430554877));
#1673 = CARTESIAN_POINT('',(-5.941302885811E-06,3.283835910822,
    -1.031874999388));
#1674 = CARTESIAN_POINT('',(-1.108296932869,3.066222884529,
    -0.961319443805));
#1675 = CARTESIAN_POINT('',(-1.638023786614,2.848611114952,
    -0.926041665993));
#1676 = CARTESIAN_POINT('',(-2.118916194811,2.52858628559,-0.89076388805
    ));
#1677 = CARTESIAN_POINT('',(-2.528577367843,2.118930982286,
    -0.855486110331));
#1678 = CARTESIAN_POINT('',(-2.848609883902,1.638025294598,
    -0.82020833258));
#1679 = CARTESIAN_POINT('',(-3.066241009451,1.10829074337,
    -0.784930555196));
#1680 = CARTESIAN_POINT('',(-3.175031429848,0.554147455109,
    -0.749652777087));
#1681 = CARTESIAN_POINT('',(-3.175032681051,4.704879522321E-11,
    -0.714374999252));
#1682 = CARTESIAN_POINT('',(-2.214413570175,-2.5179130132E-06,
    -2.539039551277));
#1683 = CARTESIAN_POINT('',(-2.214415353476,-0.386527269437,
    -2.503763455921));
#1684 = CARTESIAN_POINT('',(-2.138550093238,-0.772948787671,
    -2.468495468142));
#1685 = CARTESIAN_POINT('',(-1.986776635241,-1.142421152138,
    -2.433207661362));
#1686 = CARTESIAN_POINT('',(-1.763535238514,-1.477853238066,
    -2.397924950154));
#1687 = CARTESIAN_POINT('',(-1.477819902274,-1.763549478098,
    -2.362649705116));
#1688 = CARTESIAN_POINT('',(-1.142428742344,-1.986757981636,
    -2.327374454587));
#1689 = CARTESIAN_POINT('',(-0.772975867626,-2.13853147383,
    -2.292098425647));
#1690 = CARTESIAN_POINT('',(-3.366185016943E-06,-2.290305679142,
    -2.221543719609));
#1691 = CARTESIAN_POINT('',(0.772980893117,-2.138528817786,
    -2.150986052683));
#1692 = CARTESIAN_POINT('',(1.1424454393,-1.986752449856,-2.115706951662
    ));
#1693 = CARTESIAN_POINT('',(1.477846613011,-1.763547362986,
    -2.080429086312));
#1694 = CARTESIAN_POINT('',(1.76355558252,-1.477837529389,
    -2.045152339538));
#1695 = CARTESIAN_POINT('',(1.98675651021,-1.142439465587,
    -2.009875480417));
#1696 = CARTESIAN_POINT('',(2.138528446086,-0.772978994916,
    -1.974597762834));
#1697 = CARTESIAN_POINT('',(2.29029921197,2.851240798689E-06,
    -1.904041748509));
#1698 = CARTESIAN_POINT('',(2.138525349513,0.772984089396,
    -1.833485734183));
#1699 = CARTESIAN_POINT('',(1.986752534803,1.142443810324,
    -1.798208016601));
#1700 = CARTESIAN_POINT('',(1.763553767383,1.477841971714,
    -1.762931157477));
#1701 = CARTESIAN_POINT('',(1.477845576087,1.763553598904,
    -1.727654410703));
#1702 = CARTESIAN_POINT('',(1.142442200784,1.986758829941,
    -1.692376545357));
#1703 = CARTESIAN_POINT('',(0.772976020365,2.138530897381,
    -1.657097444339));
#1704 = CARTESIAN_POINT('',(-8.923697750489E-06,2.290300582488,
    -1.586539777405));
#1705 = CARTESIAN_POINT('',(-0.772980740374,2.138526578459,
    -1.515985071366));
#1706 = CARTESIAN_POINT('',(-1.142434471897,1.986756726851,
    -1.480709042504));
#1707 = CARTESIAN_POINT('',(-1.477824561808,1.763552687786,
    -1.445433791676));
#1708 = CARTESIAN_POINT('',(-1.763554201122,1.477864217838,
    -1.410158547144));
#1709 = CARTESIAN_POINT('',(-1.98678269307,1.142404158282,
    -1.374875835474));
#1710 = CARTESIAN_POINT('',(-2.138527640626,0.772942781513,
    -1.339588028927));
#1711 = CARTESIAN_POINT('',(-2.21441764127,0.38652195385,-1.304320041098
    ));
#1712 = CARTESIAN_POINT('',(-2.21441937576,-2.797673007617E-06,
    -1.269043945733));
#1713 = ADVANCED_FACE('',(#1714),#1733,.F.);
#1714 = FACE_BOUND('',#1715,.F.);
#1715 = EDGE_LOOP('',(#1716,#1724,#1731,#1732));
#1716 = ORIENTED_EDGE('',*,*,#1717,.T.);
#1717 = EDGE_CURVE('',#1087,#1718,#1720,.T.);
#1718 = VERTEX_POINT('',#1719);
#1719 = CARTESIAN_POINT('',(18.78,15.88,-3.));
#1720 = LINE('',#1721,#1722);
#1721 = CARTESIAN_POINT('',(18.78,15.88,0.));
#1722 = VECTOR('',#1723,1.);
#1723 = DIRECTION('',(-0.,-0.,-1.));
#1724 = ORIENTED_EDGE('',*,*,#1725,.T.);
#1725 = EDGE_CURVE('',#1718,#1718,#1726,.T.);
#1726 = CIRCLE('',#1727,2.9);
#1727 = AXIS2_PLACEMENT_3D('',#1728,#1729,#1730);
#1728 = CARTESIAN_POINT('',(15.88,15.88,-3.));
#1729 = DIRECTION('',(0.,0.,1.));
#1730 = DIRECTION('',(1.,0.,0.));
#1731 = ORIENTED_EDGE('',*,*,#1717,.F.);
#1732 = ORIENTED_EDGE('',*,*,#1097,.F.);
#1733 = CYLINDRICAL_SURFACE('',#1734,2.9);
#1734 = AXIS2_PLACEMENT_3D('',#1735,#1736,#1737);
#1735 = CARTESIAN_POINT('',(15.88,15.88,0.));
#1736 = DIRECTION('',(0.,0.,1.));
#1737 = DIRECTION('',(1.,0.,0.));
#1738 = ADVANCED_FACE('',(#1739),#1758,.F.);
#1739 = FACE_BOUND('',#1740,.F.);
#1740 = EDGE_LOOP('',(#1741,#1750,#1756,#1757));
#1741 = ORIENTED_EDGE('',*,*,#1742,.F.);
#1742 = EDGE_CURVE('',#1743,#1743,#1745,.T.);
#1743 = VERTEX_POINT('',#1744);
#1744 = CARTESIAN_POINT('',(-17.58,-15.88,-3.));
#1745 = CIRCLE('',#1746,1.7);
#1746 = AXIS2_PLACEMENT_3D('',#1747,#1748,#1749);
#1747 = CARTESIAN_POINT('',(-15.88,-15.88,-3.));
#1748 = DIRECTION('',(0.,0.,1.));
#1749 = DIRECTION('',(-1.,1.224646799147E-16,0.));
#1750 = ORIENTED_EDGE('',*,*,#1751,.T.);
#1751 = EDGE_CURVE('',#1743,#1123,#1752,.T.);
#1752 = LINE('',#1753,#1754);
#1753 = CARTESIAN_POINT('',(-17.58,-15.88,0.));
#1754 = VECTOR('',#1755,1.);
#1755 = DIRECTION('',(0.,0.,-1.));
#1756 = ORIENTED_EDGE('',*,*,#1122,.T.);
#1757 = ORIENTED_EDGE('',*,*,#1751,.F.);
#1758 = CYLINDRICAL_SURFACE('',#1759,1.7);
#1759 = AXIS2_PLACEMENT_3D('',#1760,#1761,#1762);
#1760 = CARTESIAN_POINT('',(-15.88,-15.88,0.));
#1761 = DIRECTION('',(0.,0.,1.));
#1762 = DIRECTION('',(-1.,1.224646799147E-16,0.));
#1763 = ADVANCED_FACE('',(#1764),#1783,.F.);
#1764 = FACE_BOUND('',#1765,.F.);
#1765 = EDGE_LOOP('',(#1766,#1775,#1781,#1782));
#1766 = ORIENTED_EDGE('',*,*,#1767,.F.);
#1767 = EDGE_CURVE('',#1768,#1768,#1770,.T.);
#1768 = VERTEX_POINT('',#1769);
#1769 = CARTESIAN_POINT('',(15.88,-17.58,-3.));
#1770 = CIRCLE('',#1771,1.7);
#1771 = AXIS2_PLACEMENT_3D('',#1772,#1773,#1774);
#1772 = CARTESIAN_POINT('',(15.88,-15.88,-3.));
#1773 = DIRECTION('',(0.,0.,1.));
#1774 = DIRECTION('',(-2.22044604925E-16,-1.,0.));
#1775 = ORIENTED_EDGE('',*,*,#1776,.T.);
#1776 = EDGE_CURVE('',#1768,#1134,#1777,.T.);
#1777 = LINE('',#1778,#1779);
#1778 = CARTESIAN_POINT('',(15.88,-17.58,0.));
#1779 = VECTOR('',#1780,1.);
#1780 = DIRECTION('',(0.,0.,-1.));
#1781 = ORIENTED_EDGE('',*,*,#1133,.T.);
#1782 = ORIENTED_EDGE('',*,*,#1776,.F.);
#1783 = CYLINDRICAL_SURFACE('',#1784,1.7);
#1784 = AXIS2_PLACEMENT_3D('',#1785,#1786,#1787);
#1785 = CARTESIAN_POINT('',(15.88,-15.88,0.));
#1786 = DIRECTION('',(0.,0.,1.));
#1787 = DIRECTION('',(-2.22044604925E-16,-1.,0.));
#1788 = ADVANCED_FACE('',(#1789),#1808,.F.);
#1789 = FACE_BOUND('',#1790,.F.);
#1790 = EDGE_LOOP('',(#1791,#1800,#1806,#1807));
#1791 = ORIENTED_EDGE('',*,*,#1792,.F.);
#1792 = EDGE_CURVE('',#1793,#1793,#1795,.T.);
#1793 = VERTEX_POINT('',#1794);
#1794 = CARTESIAN_POINT('',(-15.88,17.58,-3.));
#1795 = CIRCLE('',#1796,1.7);
#1796 = AXIS2_PLACEMENT_3D('',#1797,#1798,#1799);
#1797 = CARTESIAN_POINT('',(-15.88,15.88,-3.));
#1798 = DIRECTION('',(0.,-0.,1.));
#1799 = DIRECTION('',(1.110223024625E-16,1.,0.));
#1800 = ORIENTED_EDGE('',*,*,#1801,.T.);
#1801 = EDGE_CURVE('',#1793,#1145,#1802,.T.);
#1802 = LINE('',#1803,#1804);
#1803 = CARTESIAN_POINT('',(-15.88,17.58,0.));
#1804 = VECTOR('',#1805,1.);
#1805 = DIRECTION('',(0.,-0.,-1.));
#1806 = ORIENTED_EDGE('',*,*,#1144,.T.);
#1807 = ORIENTED_EDGE('',*,*,#1801,.F.);
#1808 = CYLINDRICAL_SURFACE('',#1809,1.7);
#1809 = AXIS2_PLACEMENT_3D('',#1810,#1811,#1812);
#1810 = CARTESIAN_POINT('',(-15.88,15.88,0.));
#1811 = DIRECTION('',(0.,0.,1.));
#1812 = DIRECTION('',(1.110223024625E-16,1.,0.));
#1813 = ADVANCED_FACE('',(#1814),#1833,.F.);
#1814 = FACE_BOUND('',#1815,.T.);
#1815 = EDGE_LOOP('',(#1816,#1824,#1825,#1826));
#1816 = ORIENTED_EDGE('',*,*,#1817,.F.);
#1817 = EDGE_CURVE('',#1156,#1818,#1820,.T.);
#1818 = VERTEX_POINT('',#1819);
#1819 = CARTESIAN_POINT('',(-5.68,0.,-6.2));
#1820 = LINE('',#1821,#1822);
#1821 = CARTESIAN_POINT('',(-5.68,0.,-12.7));
#1822 = VECTOR('',#1823,1.);
#1823 = DIRECTION('',(0.,0.,1.));
#1824 = ORIENTED_EDGE('',*,*,#1155,.T.);
#1825 = ORIENTED_EDGE('',*,*,#1817,.T.);
#1826 = ORIENTED_EDGE('',*,*,#1827,.F.);
#1827 = EDGE_CURVE('',#1818,#1818,#1828,.T.);
#1828 = CIRCLE('',#1829,5.68);
#1829 = AXIS2_PLACEMENT_3D('',#1830,#1831,#1832);
#1830 = CARTESIAN_POINT('',(0.,0.,-6.2));
#1831 = DIRECTION('',(0.,0.,-1.));
#1832 = DIRECTION('',(-1.,0.,0.));
#1833 = CYLINDRICAL_SURFACE('',#1834,5.68);
#1834 = AXIS2_PLACEMENT_3D('',#1835,#1836,#1837);
#1835 = CARTESIAN_POINT('',(0.,0.,-12.7));
#1836 = DIRECTION('',(0.,0.,1.));
#1837 = DIRECTION('',(-1.,0.,0.));
#1838 = ADVANCED_FACE('',(#1839),#1858,.F.);
#1839 = FACE_BOUND('',#1840,.F.);
#1840 = EDGE_LOOP('',(#1841,#1850,#1856,#1857));
#1841 = ORIENTED_EDGE('',*,*,#1842,.F.);
#1842 = EDGE_CURVE('',#1843,#1843,#1845,.T.);
#1843 = VERTEX_POINT('',#1844);
#1844 = CARTESIAN_POINT('',(17.58,15.88,-3.));
#1845 = CIRCLE('',#1846,1.7);
#1846 = AXIS2_PLACEMENT_3D('',#1847,#1848,#1849);
#1847 = CARTESIAN_POINT('',(15.88,15.88,-3.));
#1848 = DIRECTION('',(0.,0.,1.));
#1849 = DIRECTION('',(1.,0.,0.));
#1850 = ORIENTED_EDGE('',*,*,#1851,.T.);
#1851 = EDGE_CURVE('',#1843,#1167,#1852,.T.);
#1852 = LINE('',#1853,#1854);
#1853 = CARTESIAN_POINT('',(17.58,15.88,0.));
#1854 = VECTOR('',#1855,1.);
#1855 = DIRECTION('',(-0.,-0.,-1.));
#1856 = ORIENTED_EDGE('',*,*,#1166,.T.);
#1857 = ORIENTED_EDGE('',*,*,#1851,.F.);
#1858 = CYLINDRICAL_SURFACE('',#1859,1.7);
#1859 = AXIS2_PLACEMENT_3D('',#1860,#1861,#1862);
#1860 = CARTESIAN_POINT('',(15.88,15.88,0.));
#1861 = DIRECTION('',(0.,0.,1.));
#1862 = DIRECTION('',(1.,0.,0.));
#1863 = ADVANCED_FACE('',(#1864,#1867),#1870,.T.);
#1864 = FACE_BOUND('',#1865,.T.);
#1865 = EDGE_LOOP('',(#1866));
#1866 = ORIENTED_EDGE('',*,*,#1191,.T.);
#1867 = FACE_BOUND('',#1868,.T.);
#1868 = EDGE_LOOP('',(#1869));
#1869 = ORIENTED_EDGE('',*,*,#1742,.F.);
#1870 = PLANE('',#1871);
#1871 = AXIS2_PLACEMENT_3D('',#1872,#1873,#1874);
#1872 = CARTESIAN_POINT('',(-15.88,-15.88,-3.));
#1873 = DIRECTION('',(0.,0.,1.));
#1874 = DIRECTION('',(-1.,1.224646799147E-16,0.));
#1875 = ADVANCED_FACE('',(#1876,#1879),#1882,.T.);
#1876 = FACE_BOUND('',#1877,.T.);
#1877 = EDGE_LOOP('',(#1878));
#1878 = ORIENTED_EDGE('',*,*,#1216,.T.);
#1879 = FACE_BOUND('',#1880,.T.);
#1880 = EDGE_LOOP('',(#1881));
#1881 = ORIENTED_EDGE('',*,*,#1767,.F.);
#1882 = PLANE('',#1883);
#1883 = AXIS2_PLACEMENT_3D('',#1884,#1885,#1886);
#1884 = CARTESIAN_POINT('',(15.88,-15.88,-3.));
#1885 = DIRECTION('',(0.,0.,1.));
#1886 = DIRECTION('',(-2.22044604925E-16,-1.,0.));
#1887 = ADVANCED_FACE('',(#1888,#1891),#1894,.T.);
#1888 = FACE_BOUND('',#1889,.T.);
#1889 = EDGE_LOOP('',(#1890));
#1890 = ORIENTED_EDGE('',*,*,#1241,.T.);
#1891 = FACE_BOUND('',#1892,.T.);
#1892 = EDGE_LOOP('',(#1893));
#1893 = ORIENTED_EDGE('',*,*,#1792,.F.);
#1894 = PLANE('',#1895);
#1895 = AXIS2_PLACEMENT_3D('',#1896,#1897,#1898);
#1896 = CARTESIAN_POINT('',(-15.88,15.88,-3.));
#1897 = DIRECTION('',(0.,0.,1.));
#1898 = DIRECTION('',(1.110223024625E-16,1.,0.));
#1899 = ADVANCED_FACE('',(#1900),#1945,.F.);
#1900 = FACE_BOUND('',#1901,.F.);
#1901 = EDGE_LOOP('',(#1902,#1903,#1910,#1944));
#1902 = ORIENTED_EDGE('',*,*,#1367,.F.);
#1903 = ORIENTED_EDGE('',*,*,#1904,.T.);
#1904 = EDGE_CURVE('',#1368,#1905,#1907,.T.);
#1905 = VERTEX_POINT('',#1906);
#1906 = CARTESIAN_POINT('',(-3.175020334872,2.342140149304E-11,
    -3.095624999628));
#1907 = B_SPLINE_CURVE_WITH_KNOTS('',1,(#1908,#1909),.UNSPECIFIED.,.F.,
  .F.,(2,2),(0.,1.10925),.PIECEWISE_BEZIER_KNOTS.);
#1908 = CARTESIAN_POINT('',(-2.214361358096,-2.238204708248E-06,
    -2.54103515764));
#1909 = CARTESIAN_POINT('',(-3.175020334872,2.34647800338E-11,
    -3.095624999628));
#1910 = ORIENTED_EDGE('',*,*,#1911,.T.);
#1911 = EDGE_CURVE('',#1905,#1260,#1912,.T.);
#1912 = B_SPLINE_CURVE_WITH_KNOTS('',9,(#1913,#1914,#1915,#1916,#1917,
    #1918,#1919,#1920,#1921,#1922,#1923,#1924,#1925,#1926,#1927,#1928,
    #1929,#1930,#1931,#1932,#1933,#1934,#1935,#1936,#1937,#1938,#1939,
    #1940,#1941,#1942,#1943),.UNSPECIFIED.,.F.,.F.,(10,7,7,7,10),(0.,
    1.602562744566,3.205125489133,4.807688233699,6.410250978266),
  .UNSPECIFIED.);
#1913 = CARTESIAN_POINT('',(-3.175020334872,2.342437355196E-11,
    -3.095624999628));
#1914 = CARTESIAN_POINT('',(-3.175021308028,-0.554145807595,
    -3.060347221815));
#1915 = CARTESIAN_POINT('',(-3.066244054991,-1.108287884092,
    -3.025069443828));
#1916 = CARTESIAN_POINT('',(-2.848599754719,-1.638026540546,
    -2.989791666221));
#1917 = CARTESIAN_POINT('',(-2.528562135532,-2.11891706935,
    -2.954513888659));
#1918 = CARTESIAN_POINT('',(-2.11890968075,-2.528575385428,
    -2.919236110712));
#1919 = CARTESIAN_POINT('',(-1.638018435262,-2.84860190002,
    -2.883958332945));
#1920 = CARTESIAN_POINT('',(-1.108293767763,-3.066215287942,
    -2.84868055511));
#1921 = CARTESIAN_POINT('',(-5.911471414949E-06,-3.283828696335,
    -2.778124999535));
#1922 = CARTESIAN_POINT('',(1.108290849563,-3.066215843975,
    -2.707569444028));
#1923 = CARTESIAN_POINT('',(1.638024102171,-2.848603189434,
    -2.672291666279));
#1924 = CARTESIAN_POINT('',(2.118925914829,-2.528574903423,
    -2.637013888504));
#1925 = CARTESIAN_POINT('',(2.528580101827,-2.118919852269,
    -2.601736110702));
#1926 = CARTESIAN_POINT('',(2.848604993939,-1.638020330738,
    -2.566458332905));
#1927 = CARTESIAN_POINT('',(3.066213854133,-1.108291054429,
    -2.531180555125));
#1928 = CARTESIAN_POINT('',(3.283822793,4.479310637999E-08,
    -2.46062499958));
#1929 = CARTESIAN_POINT('',(3.066213310755,1.108291037324,
    -2.390069444035));
#1930 = CARTESIAN_POINT('',(2.848604454085,1.638020144885,
    -2.354791666255));
#1931 = CARTESIAN_POINT('',(2.528580860329,2.11891994373,-2.319513888458
    ));
#1932 = CARTESIAN_POINT('',(2.118927314354,2.528576080472,
    -2.284236110655));
#1933 = CARTESIAN_POINT('',(1.638024772357,2.848604782124,-2.24895833288
    ));
#1934 = CARTESIAN_POINT('',(1.108290963744,3.066215942082,
    -2.213680555133));
#1935 = CARTESIAN_POINT('',(-5.937583696486E-06,3.283826464865,
    -2.143124999623));
#1936 = CARTESIAN_POINT('',(-1.108293653581,3.06621395701,
    -2.072569444049));
#1937 = CARTESIAN_POINT('',(-1.638018855735,2.848602551358,
    -2.037291666249));
#1938 = CARTESIAN_POINT('',(-2.118909867312,2.52857834397,-2.00201388835
    ));
#1939 = CARTESIAN_POINT('',(-2.528568884758,2.118923730138,
    -1.966736110624));
#1940 = CARTESIAN_POINT('',(-2.848601206241,1.638021188161,
    -1.931458332855));
#1941 = CARTESIAN_POINT('',(-3.06623341208,1.108287502068,
    -1.896180555356));
#1942 = CARTESIAN_POINT('',(-3.175021903577,0.554145807648,
    -1.860902777347));
#1943 = CARTESIAN_POINT('',(-3.175022876734,2.954857171419E-11,
    -1.825624999529));
#1944 = ORIENTED_EDGE('',*,*,#1259,.F.);
#1945 = B_SPLINE_SURFACE_WITH_KNOTS('',1,9,(
    (#1946,#1947,#1948,#1949,#1950,#1951,#1952,#1953,#1954,#1955,#1956
      ,#1957,#1958,#1959,#1960,#1961,#1962,#1963,#1964,#1965,#1966,#1967
      ,#1968,#1969,#1970,#1971,#1972,#1973,#1974,#1975,#1976)
    ,(#1977,#1978,#1979,#1980,#1981,#1982,#1983,#1984,#1985,#1986,#1987
      ,#1988,#1989,#1990,#1991,#1992,#1993,#1994,#1995,#1996,#1997,#1998
      ,#1999,#2000,#2001,#2002,#2003,#2004,#2005,#2006,#2007
  )),.UNSPECIFIED.,.F.,.F.,.F.,(2,2),(10,7,7,7,10),(0.,1.10925),(0.,
    1.602562744566,3.205125489133,4.807688233699,6.410250978266),
  .UNSPECIFIED.);
#1946 = CARTESIAN_POINT('',(-2.214361358096,-2.238204749094E-06,
    -2.54103515764));
#1947 = CARTESIAN_POINT('',(-2.214360969353,-0.386517372857,
    -2.505759062378));
#1948 = CARTESIAN_POINT('',(-2.138484822053,-0.772928842114,
    -2.470491075135));
#1949 = CARTESIAN_POINT('',(-1.986728990879,-1.142386359199,
    -2.4352032679));
#1950 = CARTESIAN_POINT('',(-1.763499235193,-1.477823836203,
    -2.399920556177));
#1951 = CARTESIAN_POINT('',(-1.477783557039,-1.763508775683,
    -2.364645311533));
#1952 = CARTESIAN_POINT('',(-1.142401039967,-1.986709134163,-2.329370061
    ));
#1953 = CARTESIAN_POINT('',(-0.772956769564,-2.138476633684,
    -2.2940940322));
#1954 = CARTESIAN_POINT('',(-3.685341279254E-06,-2.290246131729,
    -2.223539326212));
#1955 = CARTESIAN_POINT('',(0.772961515455,-2.138475803544,
    -2.152981659161));
#1956 = CARTESIAN_POINT('',(1.142417520232,-1.986704964987,
    -2.117702558065));
#1957 = CARTESIAN_POINT('',(1.477811206641,-1.763505001233,
    -2.082424692712));
#1958 = CARTESIAN_POINT('',(1.763512369726,-1.477801076062,
    -2.047147945996));
#1959 = CARTESIAN_POINT('',(1.986706303212,-1.142411071839,
    -2.011871086927));
#1960 = CARTESIAN_POINT('',(2.138474504526,-0.772960007965,
    -1.976593369348));
#1961 = CARTESIAN_POINT('',(2.290242210851,2.459669875233E-06,
    -1.906037354996));
#1962 = CARTESIAN_POINT('',(2.138472843314,0.772964601131,
    -1.835481340644));
#1963 = CARTESIAN_POINT('',(1.986703848476,1.142415338719,
    -1.800203623064));
#1964 = CARTESIAN_POINT('',(1.763509197001,1.477804864058,
    -1.764926763995));
#1965 = CARTESIAN_POINT('',(1.477807421432,1.763508177574,-1.72965001728
    ));
#1966 = CARTESIAN_POINT('',(1.142413254267,1.986707421698,
    -1.694372151928));
#1967 = CARTESIAN_POINT('',(0.772956922473,2.138477463939,
    -1.659093050834));
#1968 = CARTESIAN_POINT('',(-8.604566817116E-06,2.290246127564,
    -1.588535383781));
#1969 = CARTESIAN_POINT('',(-0.772961362543,2.138474970972,
    -1.51798067779));
#1970 = CARTESIAN_POINT('',(-1.142405307952,1.986706681609,
    -1.482704648989));
#1971 = CARTESIAN_POINT('',(-1.477787345211,1.76350560703,
    -1.447429398457));
#1972 = CARTESIAN_POINT('',(-1.763502421845,1.477820060837,
    -1.412154153817));
#1973 = CARTESIAN_POINT('',(-1.986731447477,1.142382082126,-1.3768714421
    ));
#1974 = CARTESIAN_POINT('',(-2.13848646254,0.772924248137,
    -1.341583634855));
#1975 = CARTESIAN_POINT('',(-2.214361800398,0.386512616672,
    -1.306315647613));
#1976 = CARTESIAN_POINT('',(-2.214361362843,-2.517980856177E-06,
    -1.271039552352));
#1977 = CARTESIAN_POINT('',(-3.175020334872,2.342437355196E-11,
    -3.095624999628));
#1978 = CARTESIAN_POINT('',(-3.175021308028,-0.554145807595,
    -3.060347221815));
#1979 = CARTESIAN_POINT('',(-3.066244054991,-1.108287884092,
    -3.025069443828));
#1980 = CARTESIAN_POINT('',(-2.848599754719,-1.638026540546,
    -2.989791666221));
#1981 = CARTESIAN_POINT('',(-2.528562135532,-2.11891706935,
    -2.954513888659));
#1982 = CARTESIAN_POINT('',(-2.11890968075,-2.528575385428,
    -2.919236110712));
#1983 = CARTESIAN_POINT('',(-1.638018435262,-2.84860190002,
    -2.883958332945));
#1984 = CARTESIAN_POINT('',(-1.108293767763,-3.066215287942,
    -2.84868055511));
#1985 = CARTESIAN_POINT('',(-5.911471414949E-06,-3.283828696335,
    -2.778124999535));
#1986 = CARTESIAN_POINT('',(1.108290849563,-3.066215843975,
    -2.707569444028));
#1987 = CARTESIAN_POINT('',(1.638024102171,-2.848603189434,
    -2.672291666279));
#1988 = CARTESIAN_POINT('',(2.118925914829,-2.528574903423,
    -2.637013888504));
#1989 = CARTESIAN_POINT('',(2.528580101827,-2.118919852269,
    -2.601736110702));
#1990 = CARTESIAN_POINT('',(2.848604993939,-1.638020330738,
    -2.566458332905));
#1991 = CARTESIAN_POINT('',(3.066213854133,-1.108291054429,
    -2.531180555125));
#1992 = CARTESIAN_POINT('',(3.283822793,4.479310637999E-08,
    -2.46062499958));
#1993 = CARTESIAN_POINT('',(3.066213310755,1.108291037324,
    -2.390069444035));
#1994 = CARTESIAN_POINT('',(2.848604454085,1.638020144885,
    -2.354791666255));
#1995 = CARTESIAN_POINT('',(2.528580860329,2.11891994373,-2.319513888458
    ));
#1996 = CARTESIAN_POINT('',(2.118927314354,2.528576080472,
    -2.284236110655));
#1997 = CARTESIAN_POINT('',(1.638024772357,2.848604782124,-2.24895833288
    ));
#1998 = CARTESIAN_POINT('',(1.108290963744,3.066215942082,
    -2.213680555133));
#1999 = CARTESIAN_POINT('',(-5.937583696486E-06,3.283826464865,
    -2.143124999623));
#2000 = CARTESIAN_POINT('',(-1.108293653581,3.06621395701,
    -2.072569444049));
#2001 = CARTESIAN_POINT('',(-1.638018855735,2.848602551358,
    -2.037291666249));
#2002 = CARTESIAN_POINT('',(-2.118909867312,2.52857834397,-2.00201388835
    ));
#2003 = CARTESIAN_POINT('',(-2.528568884758,2.118923730138,
    -1.966736110624));
#2004 = CARTESIAN_POINT('',(-2.848601206241,1.638021188161,
    -1.931458332855));
#2005 = CARTESIAN_POINT('',(-3.06623341208,1.108287502068,
    -1.896180555356));
#2006 = CARTESIAN_POINT('',(-3.175021903577,0.554145807648,
    -1.860902777347));
#2007 = CARTESIAN_POINT('',(-3.175022876734,2.954857171419E-11,
    -1.825624999529));
#2008 = ADVANCED_FACE('',(#2009),#2218,.F.);
#2009 = FACE_BOUND('',#2010,.T.);
#2010 = EDGE_LOOP('',(#2011,#2114,#2122,#2217));
#2011 = ORIENTED_EDGE('',*,*,#2012,.F.);
#2012 = EDGE_CURVE('',#2013,#1368,#2015,.T.);
#2013 = VERTEX_POINT('',#2014);
#2014 = CARTESIAN_POINT('',(-2.550000000001,-6.370888804006E-07,
    -4.004797495122));
#2015 = B_SPLINE_CURVE_WITH_KNOTS('',7,(#2016,#2017,#2018,#2019,#2020,
    #2021,#2022,#2023,#2024,#2025,#2026,#2027,#2028,#2029,#2030,#2031,
    #2032,#2033,#2034,#2035,#2036,#2037,#2038,#2039,#2040,#2041,#2042,
    #2043,#2044,#2045,#2046,#2047,#2048,#2049,#2050,#2051,#2052,#2053,
    #2054,#2055,#2056,#2057,#2058,#2059,#2060,#2061,#2062,#2063,#2064,
    #2065,#2066,#2067,#2068,#2069,#2070,#2071,#2072,#2073,#2074,#2075,
    #2076,#2077,#2078,#2079,#2080,#2081,#2082,#2083,#2084,#2085,#2086,
    #2087,#2088,#2089,#2090,#2091,#2092,#2093,#2094,#2095,#2096,#2097,
    #2098,#2099,#2100,#2101,#2102,#2103,#2104,#2105,#2106,#2107,#2108,
    #2109,#2110,#2111,#2112,#2113),.UNSPECIFIED.,.F.,.F.,(8,6,6,6,6,6,6,
    6,6,6,6,6,6,6,6,6,8),(0.,3.386277651502E-02,5.875592834078E-02,
    0.13931672742,0.219318592754,0.272994426366,0.380359216818,
    0.497209847675,0.501075638128,0.532077493076,0.63007585897,
    0.737929387505,0.786122108571,0.869216719677,0.956417749989,
    0.976348310394,1.),.UNSPECIFIED.);
#2016 = CARTESIAN_POINT('',(-2.550000000003,-1.274177794386E-06,
    -4.004797495122));
#2017 = CARTESIAN_POINT('',(-2.550000000003,-7.750461437986E-02,
    -3.998654666169));
#2018 = CARTESIAN_POINT('',(-2.547251790115,-0.155007950139,
    -3.992511402562));
#2019 = CARTESIAN_POINT('',(-2.541755432897,-0.232393878008,
    -3.986367898121));
#2020 = CARTESIAN_POINT('',(-2.533517166936,-0.309545639508,
    -3.980224299928));
#2021 = CARTESIAN_POINT('',(-2.522549406851,-0.386347121128,
    -3.974080708335));
#2022 = CARTESIAN_POINT('',(-2.508870743291,-0.462682854327,
    -3.967937176959));
#2023 = CARTESIAN_POINT('',(-2.480475876245,-0.594127032307,
    -3.957277538737));
#2024 = CARTESIAN_POINT('',(-2.466994184516,-0.649502530939,
    -3.952761401541));
#2025 = CARTESIAN_POINT('',(-2.452070703485,-0.704518999322,
    -3.948245307917));
#2026 = CARTESIAN_POINT('',(-2.435717009329,-0.759131443528,
    -3.943729260901));
#2027 = CARTESIAN_POINT('',(-2.417946418674,-0.813295387802,
    -3.939213259746));
#2028 = CARTESIAN_POINT('',(-2.398773988587,-0.866966874565,
    -3.934697299916));
#2029 = CARTESIAN_POINT('',(-2.31168711993,-1.092063235288,
    -3.915566643858));
#2030 = CARTESIAN_POINT('',(-2.230644362233,-1.258430076556,
    -3.900950744743));
#2031 = CARTESIAN_POINT('',(-2.135663552931,-1.417700287807,
    -3.886336038668));
#2032 = CARTESIAN_POINT('',(-2.027505832367,-1.568487502102,
    -3.871721851456));
#2033 = CARTESIAN_POINT('',(-1.907089131531,-1.709512291728,
    -3.857106712608));
#2034 = CARTESIAN_POINT('',(-1.77548241942,-1.839609710764,
    -3.842490315661));
#2035 = CARTESIAN_POINT('',(-1.493346199342,-2.075078150319,
    -3.813361480722));
#2036 = CARTESIAN_POINT('',(-1.342926733122,-2.180637474367,
    -3.798846224663));
#2037 = CARTESIAN_POINT('',(-1.183870307286,-2.273418969795,
    -3.784331954294));
#2038 = CARTESIAN_POINT('',(-1.017485917604,-2.352595436884,
    -3.769818371615));
#2039 = CARTESIAN_POINT('',(-0.845165970133,-2.417504292887,
    -3.755304204871));
#2040 = CARTESIAN_POINT('',(-0.668378000939,-2.467651509108,
    -3.740789076625));
#2041 = CARTESIAN_POINT('',(-0.368095149525,-2.526282744889,
    -3.716537691306));
#2042 = CARTESIAN_POINT('',(-0.246196446184,-2.543048411193,
    -3.706799816355));
#2043 = CARTESIAN_POINT('',(-0.123433288308,-2.552947629209,
    -3.697062073087));
#2044 = CARTESIAN_POINT('',(-2.696843885475E-04,-2.555929835895,
    -3.687324394289));
#2045 = CARTESIAN_POINT('',(0.122828773088,-2.551983751579,
    -3.677586591461));
#2046 = CARTESIAN_POINT('',(0.245396166933,-2.541137411504,
    -3.667848607415));
#2047 = CARTESIAN_POINT('',(0.610139932787,-2.488095446741,
    -3.638632710997));
#2048 = CARTESIAN_POINT('',(0.84941408652,-2.425382235934,
    -3.619148438802));
#2049 = CARTESIAN_POINT('',(1.080955178271,-2.335847035933,
    -3.599668453457));
#2050 = CARTESIAN_POINT('',(1.301209760453,-2.220697693884,
    -3.580191231679));
#2051 = CARTESIAN_POINT('',(1.506872005312,-2.08166254285,
    -3.560711281601));
#2052 = CARTESIAN_POINT('',(1.694922305191,-1.920970193607,
    -3.541227140596));
#2053 = CARTESIAN_POINT('',(2.045380887504,-1.546106535853,
    -3.500550594382));
#2054 = CARTESIAN_POINT('',(2.204199765968,-1.328310756625,
    -3.479342835858));
#2055 = CARTESIAN_POINT('',(2.335730806757,-1.091713728914,
    -3.458143102193));
#2056 = CARTESIAN_POINT('',(2.43743811977,-0.840459516862,
    -3.436946089556));
#2057 = CARTESIAN_POINT('',(2.507523841443,-0.578989305135,
    -3.415746321375));
#2058 = CARTESIAN_POINT('',(2.5449270541,-0.312044371912,-3.394538514982
    ));
#2059 = CARTESIAN_POINT('',(2.549764081691,-3.579807789165E-02,
    -3.372638377181));
#2060 = CARTESIAN_POINT('',(2.549883170907,-2.695101322422E-02,
    -3.371937052612));
#2061 = CARTESIAN_POINT('',(2.549966446622,-1.810349429354E-02,
    -3.371235727552));
#2062 = CARTESIAN_POINT('',(2.550013906838,-9.255694119528E-03,
    -3.370534401924));
#2063 = CARTESIAN_POINT('',(2.550025550594,-4.077859188866E-04,
    -3.36983307567));
#2064 = CARTESIAN_POINT('',(2.550001377962,8.440056894906E-03,
    -3.369131748743));
#2065 = CARTESIAN_POINT('',(2.549460314734,8.824135918286E-02,
    -3.362806097273));
#2066 = CARTESIAN_POINT('',(2.546675841587,0.159179632114,
    -3.357181743731));
#2067 = CARTESIAN_POINT('',(2.541588599686,0.230012386479,
    -3.351557362627));
#2068 = CARTESIAN_POINT('',(2.53420356587,0.300649984083,-3.345932956849
    ));
#2069 = CARTESIAN_POINT('',(2.524530064748,0.371003241558,
    -3.340308530034));
#2070 = CARTESIAN_POINT('',(2.512581768698,0.440983430364,
    -3.334684086566));
#2071 = CARTESIAN_POINT('',(2.453473780561,0.730254719347,
    -3.311280456795));
#2072 = CARTESIAN_POINT('',(2.386010235667,0.945447898338,
    -3.293497271928));
#2073 = CARTESIAN_POINT('',(2.296554968217,1.153212882103,
    -3.275716865419));
#2074 = CARTESIAN_POINT('',(2.18613030871,1.350888006362,-3.25793835668)
  );
#2075 = CARTESIAN_POINT('',(2.05611916296,1.535997712925,-3.240158252));
#2076 = CARTESIAN_POINT('',(1.908251940311,1.706275927965,-3.22237554631
    ));
#2077 = CARTESIAN_POINT('',(1.564644361991,2.028624473335,
    -3.185030290569));
#2078 = CARTESIAN_POINT('',(1.365482895337,2.17723731467,-3.165457767127
    ));
#2079 = CARTESIAN_POINT('',(1.150031107735,2.302865463941,
    -3.145889955829));
#2080 = CARTESIAN_POINT('',(0.921493712053,2.403457992798,
    -3.126324980981));
#2081 = CARTESIAN_POINT('',(0.683331824958,2.477491304349,
    -3.106756885257));
#2082 = CARTESIAN_POINT('',(0.439222242191,2.52398726972,-3.087184005359
    ));
#2083 = CARTESIAN_POINT('',(8.309802190945E-02,2.551030077619,
    -3.058874175306));
#2084 = CARTESIAN_POINT('',(-2.730885057772E-02,2.553831605895,
    -3.050130954079));
#2085 = CARTESIAN_POINT('',(-0.137800038243,2.551057288096,
    -3.041387811662));
#2086 = CARTESIAN_POINT('',(-0.248037865753,2.542707093892,
    -3.032644734281));
#2087 = CARTESIAN_POINT('',(-0.357686228736,2.52880648597,
    -3.023901636815));
#2088 = CARTESIAN_POINT('',(-0.466411311582,2.509406365393,
    -3.015158506679));
#2089 = CARTESIAN_POINT('',(-0.75918540135,2.441782227967,-2.99134080696
    ));
#2090 = CARTESIAN_POINT('',(-0.940785628428,2.382853004218,
    -2.976264533344));
#2091 = CARTESIAN_POINT('',(-1.116959780265,2.308186716055,
    -2.961189725345));
#2092 = CARTESIAN_POINT('',(-1.286086251942,2.2184020222,-2.946115883622
    ));
#2093 = CARTESIAN_POINT('',(-1.44663878582,2.114309135824,
    -2.931041247192));
#2094 = CARTESIAN_POINT('',(-1.597196362737,1.996904594885,
    -2.915965127388));
#2095 = CARTESIAN_POINT('',(-1.882624784363,1.731488371823,
    -2.885070576919));
#2096 = CARTESIAN_POINT('',(-2.016390610843,1.582215599478,
    -2.869248234719));
#2097 = CARTESIAN_POINT('',(-2.13626191073,1.420965793799,
    -2.853426967786));
#2098 = CARTESIAN_POINT('',(-2.240981886839,1.249303499675,
    -2.837605979914));
#2099 = CARTESIAN_POINT('',(-2.329510392275,1.068933866123,
    -2.821783696826));
#2100 = CARTESIAN_POINT('',(-2.401031504551,0.881690217056,
    -2.805960537429));
#2101 = CARTESIAN_POINT('',(-2.467335014136,0.645629212486,
    -2.786525039808));
#2102 = CARTESIAN_POINT('',(-2.478753468898,0.601455409222,
    -2.78290935791));
#2103 = CARTESIAN_POINT('',(-2.48924894136,0.55704714159,-2.779293744756
    ));
#2104 = CARTESIAN_POINT('',(-2.498815704945,0.512427555762,
    -2.775678203224));
#2105 = CARTESIAN_POINT('',(-2.507448762868,0.467619952174,
    -2.772062731989));
#2106 = CARTESIAN_POINT('',(-2.515143848131,0.422647785522,
    -2.768447325525));
#2107 = CARTESIAN_POINT('',(-2.529911923168,0.323998712563,
    -2.760541619597));
#2108 = CARTESIAN_POINT('',(-2.536600534226,0.270264188424,
    -2.756251337921));
#2109 = CARTESIAN_POINT('',(-2.541957346242,0.216370571133,
    -2.75196111561));
#2110 = CARTESIAN_POINT('',(-2.545977923195,0.162357453179,
    -2.747670919302));
#2111 = CARTESIAN_POINT('',(-2.548659303497,0.108264540757,
    -2.743380695737));
#2112 = CARTESIAN_POINT('',(-2.550000000003,5.413165376904E-02,
    -2.739090371758));
#2113 = CARTESIAN_POINT('',(-2.550000000003,-1.274177760635E-06,
    -2.734799854311));
#2114 = ORIENTED_EDGE('',*,*,#2115,.T.);
#2115 = EDGE_CURVE('',#2013,#2116,#2118,.T.);
#2116 = VERTEX_POINT('',#2117);
#2117 = CARTESIAN_POINT('',(-2.550000000002,-7.281210536912E-07,
    -3.615264512907));
#2118 = LINE('',#2119,#2120);
#2119 = CARTESIAN_POINT('',(-2.55,0.,-6.2));
#2120 = VECTOR('',#2121,1.);
#2121 = DIRECTION('',(4.800964430811E-17,0.,1.));
#2122 = ORIENTED_EDGE('',*,*,#2123,.T.);
#2123 = EDGE_CURVE('',#2116,#1459,#2124,.T.);
#2124 = B_SPLINE_CURVE_WITH_KNOTS('',7,(#2125,#2126,#2127,#2128,#2129,
    #2130,#2131,#2132,#2133,#2134,#2135,#2136,#2137,#2138,#2139,#2140,
    #2141,#2142,#2143,#2144,#2145,#2146,#2147,#2148,#2149,#2150,#2151,
    #2152,#2153,#2154,#2155,#2156,#2157,#2158,#2159,#2160,#2161,#2162,
    #2163,#2164,#2165,#2166,#2167,#2168,#2169,#2170,#2171,#2172,#2173,
    #2174,#2175,#2176,#2177,#2178,#2179,#2180,#2181,#2182,#2183,#2184,
    #2185,#2186,#2187,#2188,#2189,#2190,#2191,#2192,#2193,#2194,#2195,
    #2196,#2197,#2198,#2199,#2200,#2201,#2202,#2203,#2204,#2205,#2206,
    #2207,#2208,#2209,#2210,#2211,#2212,#2213,#2214,#2215,#2216),
  .UNSPECIFIED.,.F.,.F.,(8,6,6,6,6,6,6,6,6,6,6,6,6,6,6,8),(0.,
    1.700121811247E-02,3.300187950557E-02,4.755949564234E-02,
    0.135880345945,0.228849665708,0.29764896661,0.388361128476,
    0.499767815242,0.584374421322,0.634376751933,0.753129505555,
    0.824131722882,0.875596464397,0.960065165758,1.),.UNSPECIFIED.);
#2125 = CARTESIAN_POINT('',(-2.550000000003,-1.456242148645E-06,
    -3.615264512907));
#2126 = CARTESIAN_POINT('',(-2.550000000003,-3.89132679935E-02,
    -3.612180496454));
#2127 = CARTESIAN_POINT('',(-2.549307260892,-7.782504079969E-02,
    -3.609096629911));
#2128 = CARTESIAN_POINT('',(-2.547921786309,-0.116721961075,
    -3.606012861593));
#2129 = CARTESIAN_POINT('',(-2.545843974152,-0.155589236612,
    -3.60292914829));
#2130 = CARTESIAN_POINT('',(-2.543074616571,-0.194412096576,
    -3.59984545527));
#2131 = CARTESIAN_POINT('',(-2.539614899973,-0.233175791514,
    -3.596761756279));
#2132 = CARTESIAN_POINT('',(-2.53156205754,-0.308278420613,
    -3.59077579424));
#2133 = CARTESIAN_POINT('',(-2.527047616516,-0.344625811872,
    -3.587873532476));
#2134 = CARTESIAN_POINT('',(-2.521924400133,-0.380895491026,
    -3.584971232971));
#2135 = CARTESIAN_POINT('',(-2.516194032558,-0.417075230332,
    -3.582068884071));
#2136 = CARTESIAN_POINT('',(-2.509858443939,-0.453152850401,
    -3.579166477752));
#2137 = CARTESIAN_POINT('',(-2.502919870406,-0.489116220198,
    -3.576264009615));
#2138 = CARTESIAN_POINT('',(-2.488521755987,-0.55755827336,
    -3.570720717543));
#2139 = CARTESIAN_POINT('',(-2.481165634744,-0.590058720119,
    -3.568079904167));
#2140 = CARTESIAN_POINT('',(-2.473314402821,-0.622445506971,
    -3.565439037283));
#2141 = CARTESIAN_POINT('',(-2.464970179591,-0.654709592088,
    -3.562798116916));
#2142 = CARTESIAN_POINT('',(-2.456135291317,-0.68684198217,
    -3.560157144599));
#2143 = CARTESIAN_POINT('',(-2.446812271154,-0.718833732436,
    -3.557516123366));
#2144 = CARTESIAN_POINT('',(-2.377496362833,-0.943862207816,
    -3.538851750245));
#2145 = CARTESIAN_POINT('',(-2.300113415326,-1.131573277272,
    -3.522824430021));
#2146 = CARTESIAN_POINT('',(-2.205472585153,-1.311772751298,
    -3.506797935852));
#2147 = CARTESIAN_POINT('',(-2.094472938168,-1.48257914154,
    -3.490773018464));
#2148 = CARTESIAN_POINT('',(-1.968245287244,-1.642252186575,
    -3.474748123778));
#2149 = CARTESIAN_POINT('',(-1.828143752877,-1.78920596267,
    -3.458722338892));
#2150 = CARTESIAN_POINT('',(-1.515394293482,-2.061883358202,
    -3.425833354786));
#2151 = CARTESIAN_POINT('',(-1.341367926137,-2.186129185419,
    -3.408964931157));
#2152 = CARTESIAN_POINT('',(-1.155567636048,-2.293140974986,
    -3.392099083767));
#2153 = CARTESIAN_POINT('',(-0.960053215495,-2.381623412912,
    -3.375234513801));
#2154 = CARTESIAN_POINT('',(-0.757030062806,-2.450578459502,
    -3.358368130739));
#2155 = CARTESIAN_POINT('',(-0.548830733144,-2.499313670658,
    -3.341499132927));
#2156 = CARTESIAN_POINT('',(-0.181848684575,-2.54837859312,
    -3.312151363579));
#2157 = CARTESIAN_POINT('',(-2.426143564089E-02,-2.558002701666,
    -3.299669086395));
#2158 = CARTESIAN_POINT('',(0.133850817224,-2.556249783986,
    -3.287187191731));
#2159 = CARTESIAN_POINT('',(0.291504422221,-2.543099322311,
    -3.274705566043));
#2160 = CARTESIAN_POINT('',(0.447722127283,-2.518632821539,
    -3.262223651049));
#2161 = CARTESIAN_POINT('',(0.601537258253,-2.483033465406,
    -3.249741319418));
#2162 = CARTESIAN_POINT('',(0.950383033381,-2.375370288641,
    -3.220802730371));
#2163 = CARTESIAN_POINT('',(1.142983595077,-2.295289366403,
    -3.204343245878));
#2164 = CARTESIAN_POINT('',(1.327591010809,-2.197024810097,
    -3.187885887353));
#2165 = CARTESIAN_POINT('',(1.502171240389,-2.081561233651,
    -3.171429877776));
#2166 = CARTESIAN_POINT('',(1.66484880797,-1.950139015427,
    -3.154972625455));
#2167 = CARTESIAN_POINT('',(1.813921651798,-1.804244534304,
    -3.138513311013));
#2168 = CARTESIAN_POINT('',(2.112460569179,-1.450872208884,
    -3.101845331551));
#2169 = CARTESIAN_POINT('',(2.254351388284,-1.236826908783,
    -3.08162669599));
#2170 = CARTESIAN_POINT('',(2.370753615313,-1.006803340995,
    -3.061413137035));
#2171 = CARTESIAN_POINT('',(2.45961847393,-0.764461943718,
    -3.041202784202));
#2172 = CARTESIAN_POINT('',(2.519510778563,-0.513716426445,
    -3.020989050165));
#2173 = CARTESIAN_POINT('',(2.549627245578,-0.258683963986,
    -3.000770227867));
#2174 = CARTESIAN_POINT('',(2.550278359,0.189940584514,-2.965209778966)
  );
#2175 = CARTESIAN_POINT('',(2.533403593179,0.383632390831,
    -2.949858895706));
#2176 = CARTESIAN_POINT('',(2.499363098782,0.575506115805,-2.9345095936)
  );
#2177 = CARTESIAN_POINT('',(2.448410353092,0.763746934498,
    -2.919161361536));
#2178 = CARTESIAN_POINT('',(2.381021965501,0.946594053162,
    -2.903812378761));
#2179 = CARTESIAN_POINT('',(2.297894464741,1.122352613817,-2.888462028)
  );
#2180 = CARTESIAN_POINT('',(2.142109787579,1.388149391686,
    -2.864042494634));
#2181 = CARTESIAN_POINT('',(2.079070852175,1.48385465681,-2.854971363244
    ));
#2182 = CARTESIAN_POINT('',(2.01105330552,1.576204104786,-2.845900281731
    ));
#2183 = CARTESIAN_POINT('',(1.93827283173,1.664888268042,-2.836829198499
    ));
#2184 = CARTESIAN_POINT('',(1.860968270365,1.749616119071,
    -2.827757978026));
#2185 = CARTESIAN_POINT('',(1.779401062881,1.830115744304,-2.81868658014
    ));
#2186 = CARTESIAN_POINT('',(1.490686843925,2.086676564101,
    -2.788071309399));
#2187 = CARTESIAN_POINT('',(1.26497276879,2.242038637308,-2.766516820096
    ));
#2188 = CARTESIAN_POINT('',(1.020620484879,2.36867596825,-2.744970280359
    ));
#2189 = CARTESIAN_POINT('',(0.762057439033,2.464053619269,
    -2.723426344074));
#2190 = CARTESIAN_POINT('',(0.494001194767,2.526431414774,
    -2.701879811059));
#2191 = CARTESIAN_POINT('',(0.221464744859,2.554861716494,
    -2.680325339763));
#2192 = CARTESIAN_POINT('',(-0.212751768991,2.546298781162,
    -2.645900210126));
#2193 = CARTESIAN_POINT('',(-0.374997957744,2.531014663656,
    -2.633018414212));
#2194 = CARTESIAN_POINT('',(-0.535920294013,2.50366953892,-2.62013731663
    ));
#2195 = CARTESIAN_POINT('',(-0.694447075478,2.464409678977,
    -2.607256636861));
#2196 = CARTESIAN_POINT('',(-0.849532032146,2.413494209643,
    -2.594375593528));
#2197 = CARTESIAN_POINT('',(-1.000159109644,2.351293916904,
    -2.581493965206));
#2198 = CARTESIAN_POINT('',(-1.250589973421,2.225397186117,
    -2.559276589407));
#2199 = CARTESIAN_POINT('',(-1.35297999955,2.166818701766,
    -2.549939924717));
#2200 = CARTESIAN_POINT('',(-1.452150898226,2.102753818249,
    -2.540603343463));
#2201 = CARTESIAN_POINT('',(-1.547751273159,2.033416354449,
    -2.531266799488));
#2202 = CARTESIAN_POINT('',(-1.639448819567,1.959047316884,
    -2.521930148291));
#2203 = CARTESIAN_POINT('',(-1.726931143353,1.879914306407,
    -2.512593353251));
#2204 = CARTESIAN_POINT('',(-1.946093554014,1.659093310369,
    -2.48793249823));
#2205 = CARTESIAN_POINT('',(-2.070160278257,1.509812946866,
    -2.472606406327));
#2206 = CARTESIAN_POINT('',(-2.180793044084,1.349783344768,
    -2.457281647352));
#2207 = CARTESIAN_POINT('',(-2.276900371766,1.180465327136,
    -2.441957858396));
#2208 = CARTESIAN_POINT('',(-2.357586167066,1.003437735315,
    -2.426633280845));
#2209 = CARTESIAN_POINT('',(-2.422155792336,0.820386643287,
    -2.411307275781));
#2210 = CARTESIAN_POINT('',(-2.492847984414,0.544574503122,
    -2.388738269707));
#2211 = CARTESIAN_POINT('',(-2.511838597027,0.455086290637,
    -2.381493380636));
#2212 = CARTESIAN_POINT('',(-2.527079051187,0.364835474901,
    -2.374248494858));
#2213 = CARTESIAN_POINT('',(-2.538533436339,0.274010565564,
    -2.367003650307));
#2214 = CARTESIAN_POINT('',(-2.54617777045,0.182801550364,-2.35975891715
    ));
#2215 = CARTESIAN_POINT('',(-2.550000000003,9.13998951249E-02,
    -2.352514397793));
#2216 = CARTESIAN_POINT('',(-2.550000000003,-1.456242107345E-06,
    -2.345270226879));
#2217 = ORIENTED_EDGE('',*,*,#1458,.F.);
#2218 = CYLINDRICAL_SURFACE('',#2219,2.55);
#2219 = AXIS2_PLACEMENT_3D('',#2220,#2221,#2222);
#2220 = CARTESIAN_POINT('',(0.,0.,-6.2));
#2221 = DIRECTION('',(0.,0.,1.));
#2222 = DIRECTION('',(-1.,0.,0.));
#2223 = ADVANCED_FACE('',(#2224),#2259,.F.);
#2224 = FACE_BOUND('',#2225,.F.);
#2225 = EDGE_LOOP('',(#2226,#2227,#2234,#2258));
#2226 = ORIENTED_EDGE('',*,*,#1911,.F.);
#2227 = ORIENTED_EDGE('',*,*,#2228,.T.);
#2228 = EDGE_CURVE('',#1905,#2229,#2231,.T.);
#2229 = VERTEX_POINT('',#2230);
#2230 = CARTESIAN_POINT('',(-3.175026144835,3.011287178757E-11,
    -3.254374999522));
#2231 = B_SPLINE_CURVE_WITH_KNOTS('',1,(#2232,#2233),.UNSPECIFIED.,.F.,
  .F.,(2,2),(0.,0.15875),.PIECEWISE_BEZIER_KNOTS.);
#2232 = CARTESIAN_POINT('',(-3.175020334872,2.346389185538E-11,
    -3.095624999628));
#2233 = CARTESIAN_POINT('',(-3.175026144835,3.015587216241E-11,
    -3.254374999522));
#2234 = ORIENTED_EDGE('',*,*,#2235,.T.);
#2235 = EDGE_CURVE('',#2229,#1566,#2236,.T.);
#2236 = B_SPLINE_CURVE_WITH_KNOTS('',11,(#2237,#2238,#2239,#2240,#2241,
    #2242,#2243,#2244,#2245,#2246,#2247,#2248,#2249,#2250,#2251,#2252,
    #2253,#2254,#2255,#2256,#2257),.UNSPECIFIED.,.F.,.F.,(12,9,12),(0.,
    3.205125489133,6.410250978266),.UNSPECIFIED.);
#2237 = CARTESIAN_POINT('',(-3.175026144835,3.011546567677E-11,
    -3.254374999522));
#2238 = CARTESIAN_POINT('',(-3.175028192255,-0.90678581145,
    -3.196647726721));
#2239 = CARTESIAN_POINT('',(-2.89023198751,-1.813561998758,
    -3.138920453329));
#2240 = CARTESIAN_POINT('',(-2.320252188165,-2.620957680744,
    -3.081193182422));
#2241 = CARTESIAN_POINT('',(-1.504891321796,-3.229298353425,
    -3.023465908611));
#2242 = CARTESIAN_POINT('',(-0.521564978758,-3.55714696162,
    -2.965738634465));
#2243 = CARTESIAN_POINT('',(0.52154659385,-3.557003459852,
    -2.908011364037));
#2244 = CARTESIAN_POINT('',(1.504825762171,-3.229400213399,
    -2.850284090177));
#2245 = CARTESIAN_POINT('',(2.320414612141,-2.620913993707,
    -2.792556817708));
#2246 = CARTESIAN_POINT('',(2.890154139284,-1.813570758475,
    -2.734829544893));
#2247 = CARTESIAN_POINT('',(3.459895153938,1.130836670847E-07,
    -2.61937499946));
#2248 = CARTESIAN_POINT('',(2.890152996074,1.813570625498,
    -2.503920454027));
#2249 = CARTESIAN_POINT('',(2.320409350284,2.620919407927,
    -2.446193181269));
#2250 = CARTESIAN_POINT('',(1.504857171805,3.229367870317,
    -2.388465908474));
#2251 = CARTESIAN_POINT('',(0.521504889405,3.557109764216,
    -2.330738635481));
#2252 = CARTESIAN_POINT('',(-0.521558982408,3.556982805831,
    -2.273011363657));
#2253 = CARTESIAN_POINT('',(-1.504836576756,3.229410324968,
    -2.215284090971));
#2254 = CARTESIAN_POINT('',(-2.320329134912,2.620932151918,
    -2.157556816168));
#2255 = CARTESIAN_POINT('',(-2.890195786403,1.813560712664,
    -2.099829545662));
#2256 = CARTESIAN_POINT('',(-3.175027365522,0.906785811517,
    -2.042102272206));
#2257 = CARTESIAN_POINT('',(-3.175029412944,3.802733651874E-11,
    -1.984374999394));
#2258 = ORIENTED_EDGE('',*,*,#1565,.F.);
#2259 = B_SPLINE_SURFACE_WITH_KNOTS('',1,11,(
    (#2260,#2261,#2262,#2263,#2264,#2265,#2266,#2267,#2268,#2269,#2270
      ,#2271,#2272,#2273,#2274,#2275,#2276,#2277,#2278,#2279,#2280)
    ,(#2281,#2282,#2283,#2284,#2285,#2286,#2287,#2288,#2289,#2290,#2291
      ,#2292,#2293,#2294,#2295,#2296,#2297,#2298,#2299,#2300,#2301
  )),.UNSPECIFIED.,.F.,.F.,.F.,(2,2),(12,9,12),(0.,0.15875),(0.,
    3.205125489133,6.410250978266),.UNSPECIFIED.);
#2260 = CARTESIAN_POINT('',(-3.175020334872,2.342348537354E-11,
    -3.095624999628));
#2261 = CARTESIAN_POINT('',(-3.17502192731,-0.906784048807,
    -3.037897726843));
#2262 = CARTESIAN_POINT('',(-2.890222345712,-1.813558328883,
    -2.980170453599));
#2263 = CARTESIAN_POINT('',(-2.320256227515,-2.620949749028,
    -2.922443182287));
#2264 = CARTESIAN_POINT('',(-1.504882311,-3.229304516599,-2.864715908718
    ));
#2265 = CARTESIAN_POINT('',(-0.521563300821,-3.557121804588,
    -2.806988634887));
#2266 = CARTESIAN_POINT('',(0.521540947418,-3.55700835724,
    -2.749261363949));
#2267 = CARTESIAN_POINT('',(1.504826325999,-3.229390340048,
    -2.691534090339));
#2268 = CARTESIAN_POINT('',(2.320409516017,-2.620909499725,
    -2.633806817813));
#2269 = CARTESIAN_POINT('',(2.89014839303,-1.813567217692,
    -2.576079545018));
#2270 = CARTESIAN_POINT('',(3.459888426996,8.79537740446E-08,
    -2.46062499958));
#2271 = CARTESIAN_POINT('',(2.890147503866,1.813567114267,
    -2.345170454142));
#2272 = CARTESIAN_POINT('',(2.320405423461,2.620913710783,
    -2.287443181391));
#2273 = CARTESIAN_POINT('',(1.504850755715,3.229365184321,-2.22971590861
    ));
#2274 = CARTESIAN_POINT('',(0.521508510626,3.557091038407,
    -2.171988635679));
#2275 = CARTESIAN_POINT('',(-0.521558636992,3.556994127869,
    -2.114261363651));
#2276 = CARTESIAN_POINT('',(-1.504839731526,3.229391605574,
    -2.056534090959));
#2277 = CARTESIAN_POINT('',(-2.320316074984,2.620929893277,
    -1.998806816615));
#2278 = CARTESIAN_POINT('',(-2.890194189295,1.813557328587,
    -1.941079545616));
#2279 = CARTESIAN_POINT('',(-3.175021284295,0.90678404886,
    -1.883352272321));
#2280 = CARTESIAN_POINT('',(-3.175022876734,2.954789712865E-11,
    -1.825624999529));
#2281 = CARTESIAN_POINT('',(-3.175026144835,3.011546567677E-11,
    -3.254374999522));
#2282 = CARTESIAN_POINT('',(-3.175028192255,-0.90678581145,
    -3.196647726721));
#2283 = CARTESIAN_POINT('',(-2.89023198751,-1.813561998758,
    -3.138920453329));
#2284 = CARTESIAN_POINT('',(-2.320252188165,-2.620957680744,
    -3.081193182422));
#2285 = CARTESIAN_POINT('',(-1.504891321796,-3.229298353425,
    -3.023465908611));
#2286 = CARTESIAN_POINT('',(-0.521564978758,-3.55714696162,
    -2.965738634465));
#2287 = CARTESIAN_POINT('',(0.52154659385,-3.557003459852,
    -2.908011364037));
#2288 = CARTESIAN_POINT('',(1.504825762171,-3.229400213399,
    -2.850284090177));
#2289 = CARTESIAN_POINT('',(2.320414612141,-2.620913993707,
    -2.792556817708));
#2290 = CARTESIAN_POINT('',(2.890154139284,-1.813570758475,
    -2.734829544893));
#2291 = CARTESIAN_POINT('',(3.459895153938,1.130836670847E-07,
    -2.61937499946));
#2292 = CARTESIAN_POINT('',(2.890152996074,1.813570625498,
    -2.503920454027));
#2293 = CARTESIAN_POINT('',(2.320409350284,2.620919407927,
    -2.446193181269));
#2294 = CARTESIAN_POINT('',(1.504857171805,3.229367870317,
    -2.388465908474));
#2295 = CARTESIAN_POINT('',(0.521504889405,3.557109764216,
    -2.330738635481));
#2296 = CARTESIAN_POINT('',(-0.521558982408,3.556982805831,
    -2.273011363657));
#2297 = CARTESIAN_POINT('',(-1.504836576756,3.229410324968,
    -2.215284090971));
#2298 = CARTESIAN_POINT('',(-2.320329134912,2.620932151918,
    -2.157556816168));
#2299 = CARTESIAN_POINT('',(-2.890195786403,1.813560712664,
    -2.099829545662));
#2300 = CARTESIAN_POINT('',(-3.175027365522,0.906785811517,
    -2.042102272206));
#2301 = CARTESIAN_POINT('',(-3.175029412944,3.802733651874E-11,
    -1.984374999394));
#2302 = ADVANCED_FACE('',(#2303),#2313,.F.);
#2303 = FACE_BOUND('',#2304,.F.);
#2304 = EDGE_LOOP('',(#2305,#2306,#2311,#2312));
#2305 = ORIENTED_EDGE('',*,*,#2235,.F.);
#2306 = ORIENTED_EDGE('',*,*,#2307,.T.);
#2307 = EDGE_CURVE('',#2229,#2116,#2308,.T.);
#2308 = B_SPLINE_CURVE_WITH_KNOTS('',1,(#2309,#2310),.UNSPECIFIED.,.F.,
  .F.,(2,2),(0.,1.10925),.PIECEWISE_BEZIER_KNOTS.);
#2309 = CARTESIAN_POINT('',(-3.175026144835,3.015587216241E-11,
    -3.254374999522));
#2310 = CARTESIAN_POINT('',(-2.214407764606,-2.238151261445E-06,
    -3.809035156791));
#2311 = ORIENTED_EDGE('',*,*,#2123,.T.);
#2312 = ORIENTED_EDGE('',*,*,#1644,.F.);
#2313 = B_SPLINE_SURFACE_WITH_KNOTS('',1,9,(
    (#2314,#2315,#2316,#2317,#2318,#2319,#2320,#2321,#2322,#2323,#2324
      ,#2325,#2326,#2327,#2328,#2329,#2330,#2331,#2332,#2333,#2334,#2335
      ,#2336,#2337,#2338,#2339,#2340,#2341,#2342,#2343,#2344)
    ,(#2345,#2346,#2347,#2348,#2349,#2350,#2351,#2352,#2353,#2354,#2355
      ,#2356,#2357,#2358,#2359,#2360,#2361,#2362,#2363,#2364,#2365,#2366
      ,#2367,#2368,#2369,#2370,#2371,#2372,#2373,#2374,#2375
  )),.UNSPECIFIED.,.F.,.F.,.F.,(2,2),(10,7,7,7,10),(0.,1.10925),(0.,
    1.602562744566,3.205125489133,4.807688233699,6.410250978266),
  .UNSPECIFIED.);
#2314 = CARTESIAN_POINT('',(-3.175026144835,3.011413340914E-11,
    -3.254374999522));
#2315 = CARTESIAN_POINT('',(-3.175027396036,-0.554146884763,
    -3.219097221698));
#2316 = CARTESIAN_POINT('',(-3.066251537035,-1.108290093657,
    -3.183819443652));
#2317 = CARTESIAN_POINT('',(-2.848605085633,-1.638030490093,
    -3.148541666093));
#2318 = CARTESIAN_POINT('',(-2.528566087569,-2.11892023743,
    -3.113263888593));
#2319 = CARTESIAN_POINT('',(-2.118913773886,-2.528579879024,
    -3.077986110599));
#2320 = CARTESIAN_POINT('',(-1.638021559959,-2.848607345401,
    -3.042708332833));
#2321 = CARTESIAN_POINT('',(-1.108295938895,-3.066221439612,
    -3.007430554982));
#2322 = CARTESIAN_POINT('',(-5.907739673401E-06,-3.283835399751,
    -2.936874999402));
#2323 = CARTESIAN_POINT('',(1.108292988052,-3.0662217915,-2.866319443909
    ));
#2324 = CARTESIAN_POINT('',(1.638027191153,-2.848608500358,
    -2.831041666168));
#2325 = CARTESIAN_POINT('',(2.118929834639,-2.528579651513,
    -2.795763888394));
#2326 = CARTESIAN_POINT('',(2.528584909715,-2.118923958942,
    -2.760486110585));
#2327 = CARTESIAN_POINT('',(2.848610609524,-1.638023542,-2.725208332782)
  );
#2328 = CARTESIAN_POINT('',(3.066219893302,-1.108293211654,
    -2.689930555002));
#2329 = CARTESIAN_POINT('',(3.283829177629,5.759111013579E-08,
    -2.61937499946));
#2330 = CARTESIAN_POINT('',(3.066219194674,1.108293189663,
    -2.548819443918));
#2331 = CARTESIAN_POINT('',(2.848609915426,1.638023303045,
    -2.513541666138));
#2332 = CARTESIAN_POINT('',(2.528585884932,2.118924076536,
    -2.478263888334));
#2333 = CARTESIAN_POINT('',(2.118931634028,2.528581164862,
    -2.442986110525));
#2334 = CARTESIAN_POINT('',(1.638028052822,2.848610548102,
    -2.407708332751));
#2335 = CARTESIAN_POINT('',(1.108293134857,3.066221917637,
    -2.372430555012));
#2336 = CARTESIAN_POINT('',(-5.941312585593E-06,3.283832530717,
    -2.301874999516));
#2337 = CARTESIAN_POINT('',(-1.108295792089,3.066219728415,
    -2.231319443936));
#2338 = CARTESIAN_POINT('',(-1.638022100568,2.848608182835,
    -2.19604166613));
#2339 = CARTESIAN_POINT('',(-2.118914013751,2.528583682864,
    -2.160763888195));
#2340 = CARTESIAN_POINT('',(-2.528574765146,2.1189288013,-2.125486110485
    ));
#2341 = CARTESIAN_POINT('',(-2.848606951876,1.638023608455,
    -2.090208332717));
#2342 = CARTESIAN_POINT('',(-3.066237853294,1.108289602483,
    -2.054930555299));
#2343 = CARTESIAN_POINT('',(-3.175028161742,0.554146884831,
    -2.019652777224));
#2344 = CARTESIAN_POINT('',(-3.175029412944,3.802756700862E-11,
    -1.984374999394));
#2345 = CARTESIAN_POINT('',(-2.214407764606,-2.23815130207E-06,
    -3.809035156791));
#2346 = CARTESIAN_POINT('',(-2.214409596718,-0.386525976629,
    -3.773759061447));
#2347 = CARTESIAN_POINT('',(-2.138544584151,-0.772946490797,
    -3.738491073728));
#2348 = CARTESIAN_POINT('',(-1.986771571028,-1.142417905816,
    -3.703203266884));
#2349 = CARTESIAN_POINT('',(-1.763530801709,-1.477849140929,
    -3.66792055565));
#2350 = CARTESIAN_POINT('',(-1.477816250557,-1.763544667842,
    -3.632645310624));
#2351 = CARTESIAN_POINT('',(-1.142425998181,-1.986752628603,
    -3.597370060112));
#2352 = CARTESIAN_POINT('',(-0.772974111264,-2.138525769547,
    -3.562094031183));
#2353 = CARTESIAN_POINT('',(-3.655534433587E-06,-2.290299674603,
    -3.49153932515));
#2354 = CARTESIAN_POINT('',(0.772978596428,-2.138523308816,
    -3.42098165821));
#2355 = CARTESIAN_POINT('',(1.142442193179,-1.986747385468,
    -3.385702557181));
#2356 = CARTESIAN_POINT('',(1.477842515738,-1.763542926139,
    -3.350424691832));
#2357 = CARTESIAN_POINT('',(1.763550772257,-1.477833877716,
    -3.315147945064));
#2358 = CARTESIAN_POINT('',(1.986751157144,-1.142436721474,
    -3.279871085948));
#2359 = CARTESIAN_POINT('',(2.138522741801,-0.772977238591,
    -3.244593368365));
#2360 = CARTESIAN_POINT('',(2.290293207445,2.561892736813E-06,
    -3.174037354037));
#2361 = CARTESIAN_POINT('',(2.138519840539,0.772981792723,
    -3.103481339709));
#2362 = CARTESIAN_POINT('',(1.986747470399,1.142440564213,
    -3.068203622127));
#2363 = CARTESIAN_POINT('',(1.763549330523,1.477837874438,-3.03292676301
    ));
#2364 = CARTESIAN_POINT('',(1.477841924406,1.763548788639,-2.99765001624
    ));
#2365 = CARTESIAN_POINT('',(1.142439456657,1.986753476881,
    -2.962372150894));
#2366 = CARTESIAN_POINT('',(0.772974264021,2.138525193101,
    -2.927093049869));
#2367 = CARTESIAN_POINT('',(-8.634351029914E-06,2.290294577967,
    -2.856535382921));
#2368 = CARTESIAN_POINT('',(-0.772978443666,2.138521069497,
    -2.785980676888));
#2369 = CARTESIAN_POINT('',(-1.142431225734,1.986751662477,
    -2.750704648036));
#2370 = CARTESIAN_POINT('',(-1.477820464486,1.763548250921,
    -2.715429397225));
#2371 = CARTESIAN_POINT('',(-1.763549390867,1.477860566248,
    -2.680154152707));
#2372 = CARTESIAN_POINT('',(-1.986777340167,1.142401413986,
    -2.644871441007));
#2373 = CARTESIAN_POINT('',(-2.138521936296,0.772941024998,
    -2.609583634399));
#2374 = CARTESIAN_POINT('',(-2.214411786873,0.386521220565,
    -2.574315646629));
#2375 = CARTESIAN_POINT('',(-2.214413570175,-2.517913124801E-06,
    -2.539039551277));
#2376 = ADVANCED_FACE('',(#2377,#2380),#2383,.T.);
#2377 = FACE_BOUND('',#2378,.T.);
#2378 = EDGE_LOOP('',(#2379));
#2379 = ORIENTED_EDGE('',*,*,#1725,.T.);
#2380 = FACE_BOUND('',#2381,.T.);
#2381 = EDGE_LOOP('',(#2382));
#2382 = ORIENTED_EDGE('',*,*,#1842,.F.);
#2383 = PLANE('',#2384);
#2384 = AXIS2_PLACEMENT_3D('',#2385,#2386,#2387);
#2385 = CARTESIAN_POINT('',(15.88,15.88,-3.));
#2386 = DIRECTION('',(0.,0.,1.));
#2387 = DIRECTION('',(1.,0.,0.));
#2388 = ADVANCED_FACE('',(#2389,#2392),#2504,.T.);
#2389 = FACE_BOUND('',#2390,.T.);
#2390 = EDGE_LOOP('',(#2391));
#2391 = ORIENTED_EDGE('',*,*,#1827,.T.);
#2392 = FACE_BOUND('',#2393,.T.);
#2393 = EDGE_LOOP('',(#2394,#2405,#2414,#2451,#2479));
#2394 = ORIENTED_EDGE('',*,*,#2395,.F.);
#2395 = EDGE_CURVE('',#2396,#2398,#2400,.T.);
#2396 = VERTEX_POINT('',#2397);
#2397 = CARTESIAN_POINT('',(-2.55,0.,-6.2));
#2398 = VERTEX_POINT('',#2399);
#2399 = CARTESIAN_POINT('',(-2.487763377099,0.55994051431,-6.2));
#2400 = CIRCLE('',#2401,2.55);
#2401 = AXIS2_PLACEMENT_3D('',#2402,#2403,#2404);
#2402 = CARTESIAN_POINT('',(0.,0.,-6.2));
#2403 = DIRECTION('',(0.,0.,-1.));
#2404 = DIRECTION('',(-1.,0.,0.));
#2405 = ORIENTED_EDGE('',*,*,#2406,.F.);
#2406 = EDGE_CURVE('',#2407,#2396,#2409,.T.);
#2407 = VERTEX_POINT('',#2408);
#2408 = CARTESIAN_POINT('',(0.343297583923,-2.526785857344,-6.2));
#2409 = CIRCLE('',#2410,2.55);
#2410 = AXIS2_PLACEMENT_3D('',#2411,#2412,#2413);
#2411 = CARTESIAN_POINT('',(0.,0.,-6.2));
#2412 = DIRECTION('',(0.,0.,-1.));
#2413 = DIRECTION('',(-1.,0.,0.));
#2414 = ORIENTED_EDGE('',*,*,#2415,.F.);
#2415 = EDGE_CURVE('',#2416,#2407,#2418,.T.);
#2416 = VERTEX_POINT('',#2417);
#2417 = CARTESIAN_POINT('',(2.983162999943,1.086943315144,-6.2));
#2418 = B_SPLINE_CURVE_WITH_KNOTS('',6,(#2419,#2420,#2421,#2422,#2423,
    #2424,#2425,#2426,#2427,#2428,#2429,#2430,#2431,#2432,#2433,#2434,
    #2435,#2436,#2437,#2438,#2439,#2440,#2441,#2442,#2443,#2444,#2445,
    #2446,#2447,#2448,#2449,#2450),.UNSPECIFIED.,.F.,.F.,(7,5,5,5,5,5,7)
  ,(0.,0.171522002097,0.324304476488,0.46287190666,0.589210613153,
    0.811185509683,1.),.UNSPECIFIED.);
#2419 = CARTESIAN_POINT('',(2.983162999943,1.086943315144,-6.2));
#2420 = CARTESIAN_POINT('',(3.034779986179,0.875631203179,-6.2));
#2421 = CARTESIAN_POINT('',(3.06887692639,0.660232897112,-6.2));
#2422 = CARTESIAN_POINT('',(3.084860226618,0.442560112147,-6.2));
#2423 = CARTESIAN_POINT('',(3.082395505761,0.224508701861,-6.2));
#2424 = CARTESIAN_POINT('',(3.061388438065,8.05309562268E-03,-6.2));
#2425 = CARTESIAN_POINT('',(2.987033266957,-0.394325269768,-6.2));
#2426 = CARTESIAN_POINT('',(2.937465916557,-0.581018901321,-6.2));
#2427 = CARTESIAN_POINT('',(2.873513802558,-0.763393759172,-6.2));
#2428 = CARTESIAN_POINT('',(2.795521970546,-0.940017388713,-6.2));
#2429 = CARTESIAN_POINT('',(2.704017329082,-1.109473351754,-6.2));
#2430 = CARTESIAN_POINT('',(2.505188047531,-1.416326722467,-6.2));
#2431 = CARTESIAN_POINT('',(2.400120052889,-1.555250432801,-6.2));
#2432 = CARTESIAN_POINT('',(2.285109267021,-1.686129448334,-6.2));
#2433 = CARTESIAN_POINT('',(2.160842443901,-1.807993881609,-6.2));
#2434 = CARTESIAN_POINT('',(2.02813967495,-1.919945207998,-6.2));
#2435 = CARTESIAN_POINT('',(1.760155161385,-2.113461719994,-6.2));
#2436 = CARTESIAN_POINT('',(1.626127346759,-2.196841935949,-6.2));
#2437 = CARTESIAN_POINT('',(1.48660900452,-2.270694753895,-6.2));
#2438 = CARTESIAN_POINT('',(1.342406568707,-2.334480343473,-6.2));
#2439 = CARTESIAN_POINT('',(1.194404246367,-2.387746803675,-6.2));
#2440 = CARTESIAN_POINT('',(0.77854529288,-2.504629518108,-6.2));
#2441 = CARTESIAN_POINT('',(0.504640484164,-2.545595305892,-6.2));
#2442 = CARTESIAN_POINT('',(0.227256073891,-2.551024144058,-6.2));
#2443 = CARTESIAN_POINT('',(-4.785854490025E-02,-2.520192368053,-6.2));
#2444 = CARTESIAN_POINT('',(-0.314635072371,-2.453387875087,-6.2));
#2445 = CARTESIAN_POINT('',(-0.781388442013,-2.266895833347,-6.2));
#2446 = CARTESIAN_POINT('',(-0.985497111586,-2.156557756029,-6.2));
#2447 = CARTESIAN_POINT('',(-1.175298218446,-2.022805177411,-6.2));
#2448 = CARTESIAN_POINT('',(-1.347206957761,-1.86764296876,-6.2));
#2449 = CARTESIAN_POINT('',(-1.497871259635,-1.693760364385,-6.2));
#2450 = CARTESIAN_POINT('',(-1.624489366121,-1.504799291173,-6.2));
#2451 = ORIENTED_EDGE('',*,*,#2452,.F.);
#2452 = EDGE_CURVE('',#2453,#2416,#2455,.T.);
#2453 = VERTEX_POINT('',#2454);
#2454 = CARTESIAN_POINT('',(1.340833275685,2.87800500352,-6.2));
#2455 = B_SPLINE_CURVE_WITH_KNOTS('',4,(#2456,#2457,#2458,#2459,#2460,
    #2461,#2462,#2463,#2464,#2465,#2466,#2467,#2468,#2469,#2470,#2471,
    #2472,#2473,#2474,#2475,#2476,#2477,#2478),.UNSPECIFIED.,.F.,.F.,(5,
    3,3,3,3,3,3,5),(0.,0.22900067621,0.457000864908,0.686000604039,
    0.914000128175,0.938000091579,0.964000052563,1.),.UNSPECIFIED.);
#2456 = CARTESIAN_POINT('',(1.340833275685,2.87800500352,-6.2));
#2457 = CARTESIAN_POINT('',(1.470240342802,2.817715753283,-6.2));
#2458 = CARTESIAN_POINT('',(1.596033461854,2.749667979631,-6.2));
#2459 = CARTESIAN_POINT('',(1.717512543642,2.674187921682,-6.2));
#2460 = CARTESIAN_POINT('',(1.950072374911,2.509615626182,-6.2));
#2461 = CARTESIAN_POINT('',(2.061197204908,2.420583615204,-6.2));
#2462 = CARTESIAN_POINT('',(2.166799322067,2.325065990225,-6.2));
#2463 = CARTESIAN_POINT('',(2.366326664765,2.121702808751,-6.2));
#2464 = CARTESIAN_POINT('',(2.46019950789,2.01380418723,-6.2));
#2465 = CARTESIAN_POINT('',(2.54742247113,1.900462336987,-6.2));
#2466 = CARTESIAN_POINT('',(2.707351336754,1.664686513353,-6.2));
#2467 = CARTESIAN_POINT('',(2.780119648365,1.542293431892,-6.2));
#2468 = CARTESIAN_POINT('',(2.845439069146,1.415768078084,-6.2));
#2469 = CARTESIAN_POINT('',(2.909059992246,1.272127299604,-6.2));
#2470 = CARTESIAN_POINT('',(2.915033176504,1.258409147852,-6.2));
#2471 = CARTESIAN_POINT('',(2.920920047631,1.244653735598,-6.2));
#2472 = CARTESIAN_POINT('',(2.933003828118,1.215920701923,-6.2));
#2473 = CARTESIAN_POINT('',(2.939185692937,1.200936753445,-6.2));
#2474 = CARTESIAN_POINT('',(2.945265419996,1.185911072626,-6.2));
#2475 = CARTESIAN_POINT('',(2.95951868127,1.149983583609,-6.2));
#2476 = CARTESIAN_POINT('',(2.967598157904,1.129044460511,-6.2));
#2477 = CARTESIAN_POINT('',(2.975479921217,1.108030117133,-6.2));
#2478 = CARTESIAN_POINT('',(2.983162947609,1.08694336333,-6.2));
#2479 = ORIENTED_EDGE('',*,*,#2480,.F.);
#2480 = EDGE_CURVE('',#2398,#2453,#2481,.T.);
#2481 = B_SPLINE_CURVE_WITH_KNOTS('',6,(#2482,#2483,#2484,#2485,#2486,
    #2487,#2488,#2489,#2490,#2491,#2492,#2493,#2494,#2495,#2496,#2497,
    #2498,#2499,#2500,#2501,#2502,#2503),.UNSPECIFIED.,.F.,.F.,(7,5,5,5,
    7),(0.,0.205775213753,0.435694344455,0.697670553798,1.),
  .UNSPECIFIED.);
#2482 = CARTESIAN_POINT('',(-2.47250103265,-1.227598366789E-06,-6.2));
#2483 = CARTESIAN_POINT('',(-2.499445033654,0.190323607223,-6.2));
#2484 = CARTESIAN_POINT('',(-2.508523301346,0.383589702503,-6.2));
#2485 = CARTESIAN_POINT('',(-2.499583739807,0.577615865809,-6.2));
#2486 = CARTESIAN_POINT('',(-2.472842736931,0.770325349338,-6.2));
#2487 = CARTESIAN_POINT('',(-2.428783221643,0.959754507153,-6.2));
#2488 = CARTESIAN_POINT('',(-2.300452861456,1.349995607352,-6.2));
#2489 = CARTESIAN_POINT('',(-2.2120573464,1.549574774465,-6.2));
#2490 = CARTESIAN_POINT('',(-2.104041803234,1.740238468772,-6.2));
#2491 = CARTESIAN_POINT('',(-1.977840322847,1.919774451114,-6.2));
#2492 = CARTESIAN_POINT('',(-1.835129175008,2.086260920505,-6.2));
#2493 = CARTESIAN_POINT('',(-1.498651538751,2.411099356043,-6.2));
#2494 = CARTESIAN_POINT('',(-1.30049507335,2.565124366603,-6.2));
#2495 = CARTESIAN_POINT('',(-1.086237117388,2.697792235572,-6.2));
#2496 = CARTESIAN_POINT('',(-0.858976261462,2.807435216913,-6.2));
#2497 = CARTESIAN_POINT('',(-0.621912698983,2.892905302712,-6.2));
#2498 = CARTESIAN_POINT('',(-9.732022982044E-02,3.023749709593,-6.2));
#2499 = CARTESIAN_POINT('',(0.19245817822,3.060944539375,-6.2));
#2500 = CARTESIAN_POINT('',(0.485881235576,3.06434758098,-6.2));
#2501 = CARTESIAN_POINT('',(0.778094184922,3.034202104927,-6.2));
#2502 = CARTESIAN_POINT('',(1.06450886515,2.971472554735,-6.2));
#2503 = CARTESIAN_POINT('',(1.340833316346,2.878004981724,-6.2));
#2504 = PLANE('',#2505);
#2505 = AXIS2_PLACEMENT_3D('',#2506,#2507,#2508);
#2506 = CARTESIAN_POINT('',(0.,0.,-6.2));
#2507 = DIRECTION('',(0.,0.,-1.));
#2508 = DIRECTION('',(-1.,0.,0.));
#2509 = ADVANCED_FACE('',(#2510),#2555,.F.);
#2510 = FACE_BOUND('',#2511,.F.);
#2511 = EDGE_LOOP('',(#2512,#2513,#2520,#2554));
#2512 = ORIENTED_EDGE('',*,*,#2012,.F.);
#2513 = ORIENTED_EDGE('',*,*,#2514,.T.);
#2514 = EDGE_CURVE('',#2013,#2515,#2517,.T.);
#2515 = VERTEX_POINT('',#2516);
#2516 = CARTESIAN_POINT('',(-3.175017793013,1.792536462176E-11,
    -4.365624999715));
#2517 = B_SPLINE_CURVE_WITH_KNOTS('',1,(#2518,#2519),.UNSPECIFIED.,.F.,
  .F.,(2,2),(0.,1.10925),.PIECEWISE_BEZIER_KNOTS.);
#2518 = CARTESIAN_POINT('',(-2.21436135337,-1.958429204605E-06,
    -3.811030762936));
#2519 = CARTESIAN_POINT('',(-3.175017793013,1.795998798967E-11,
    -4.365624999715));
#2520 = ORIENTED_EDGE('',*,*,#2521,.T.);
#2521 = EDGE_CURVE('',#2515,#1905,#2522,.T.);
#2522 = B_SPLINE_CURVE_WITH_KNOTS('',9,(#2523,#2524,#2525,#2526,#2527,
    #2528,#2529,#2530,#2531,#2532,#2533,#2534,#2535,#2536,#2537,#2538,
    #2539,#2540,#2541,#2542,#2543,#2544,#2545,#2546,#2547,#2548,#2549,
    #2550,#2551,#2552,#2553),.UNSPECIFIED.,.F.,.F.,(10,7,7,7,10),(0.,
    1.602562744566,3.205125489133,4.807688233699,6.410250978266),
  .UNSPECIFIED.);
#2523 = CARTESIAN_POINT('',(-3.175017793013,1.792610504481E-11,
    -4.365624999715));
#2524 = CARTESIAN_POINT('',(-3.175018766167,-0.554145364058,
    -4.330347221906));
#2525 = CARTESIAN_POINT('',(-3.066241600199,-1.108286996748,
    -4.295069443945));
#2526 = CARTESIAN_POINT('',(-2.848597474249,-1.638025229112,
    -4.259791666313));
#2527 = CARTESIAN_POINT('',(-2.528560111204,-2.118915373039,
    -4.224513888735));
#2528 = CARTESIAN_POINT('',(-2.118907984362,-2.528573361094,
    -4.189236110798));
#2529 = CARTESIAN_POINT('',(-1.638017123882,-2.848599619493,
    -4.153958333035));
#2530 = CARTESIAN_POINT('',(-1.108292880479,-3.066212833192,
    -4.118680555206));
#2531 = CARTESIAN_POINT('',(-5.911466187981E-06,-3.283826067366,
    -4.048124999633));
#2532 = CARTESIAN_POINT('',(1.108289962297,-3.06621338922,
    -3.977569444121));
#2533 = CARTESIAN_POINT('',(1.638022790818,-2.848600908891,
    -3.942291666369));
#2534 = CARTESIAN_POINT('',(2.118924218468,-2.528572879084,
    -3.907013888592));
#2535 = CARTESIAN_POINT('',(2.528578077493,-2.118918155899,
    -3.871736110794));
#2536 = CARTESIAN_POINT('',(2.848602713397,-1.638019019381,
    -3.836458332999));
#2537 = CARTESIAN_POINT('',(3.06621139938,-1.108290167159,
    -3.801180555219));
#2538 = CARTESIAN_POINT('',(3.283820164034,4.47988644147E-08,
    -3.730624999673));
#2539 = CARTESIAN_POINT('',(3.066210855998,1.108290150066,
    -3.660069444126));
#2540 = CARTESIAN_POINT('',(2.848602173537,1.638018833537,
    -3.624791666348));
#2541 = CARTESIAN_POINT('',(2.528578835989,2.11891824737,-3.589513888551
    ));
#2542 = CARTESIAN_POINT('',(2.118925617984,2.52857405614,-3.554236110753
    ));
#2543 = CARTESIAN_POINT('',(1.638023460995,2.848602501587,
    -3.518958332977));
#2544 = CARTESIAN_POINT('',(1.108290076467,3.066213487331,
    -3.483680555226));
#2545 = CARTESIAN_POINT('',(-5.937590041548E-06,3.283823835896,
    -3.413124999711));
#2546 = CARTESIAN_POINT('',(-1.108292766307,3.066211502256,
    -3.342569444139));
#2547 = CARTESIAN_POINT('',(-1.638017544366,2.848600270825,
    -3.307291666344));
#2548 = CARTESIAN_POINT('',(-2.118908170933,2.528576319628,
    -3.27201388845));
#2549 = CARTESIAN_POINT('',(-2.528566860436,2.11892203382,
    -3.236736110733));
#2550 = CARTESIAN_POINT('',(-2.848598925778,1.638019876716,
    -3.201458332949));
#2551 = CARTESIAN_POINT('',(-3.066230957293,1.108286614713,
    -3.166180555424));
#2552 = CARTESIAN_POINT('',(-3.175019361718,0.554145364099,
    -3.130902777441));
#2553 = CARTESIAN_POINT('',(-3.175020334872,2.34647800338E-11,
    -3.095624999628));
#2554 = ORIENTED_EDGE('',*,*,#1904,.F.);
#2555 = B_SPLINE_SURFACE_WITH_KNOTS('',1,9,(
    (#2556,#2557,#2558,#2559,#2560,#2561,#2562,#2563,#2564,#2565,#2566
      ,#2567,#2568,#2569,#2570,#2571,#2572,#2573,#2574,#2575,#2576,#2577
      ,#2578,#2579,#2580,#2581,#2582,#2583,#2584,#2585,#2586)
    ,(#2587,#2588,#2589,#2590,#2591,#2592,#2593,#2594,#2595,#2596,#2597
      ,#2598,#2599,#2600,#2601,#2602,#2603,#2604,#2605,#2606,#2607,#2608
      ,#2609,#2610,#2611,#2612,#2613,#2614,#2615,#2616,#2617
  )),.UNSPECIFIED.,.F.,.F.,.F.,(2,2),(10,7,7,7,10),(0.,1.10925),(0.,
    1.602562744566,3.205125489133,4.807688233699,6.410250978266),
  .UNSPECIFIED.);
#2556 = CARTESIAN_POINT('',(-2.21436135337,-1.958429237447E-06,
    -3.811030762936));
#2557 = CARTESIAN_POINT('',(-2.214361013439,-0.386517092255,
    -3.77575466767));
#2558 = CARTESIAN_POINT('',(-2.138484915105,-0.772928570267,
    -3.740486680427));
#2559 = CARTESIAN_POINT('',(-1.986729130982,-1.142386105729,
    -3.705198873193));
#2560 = CARTESIAN_POINT('',(-1.763499418157,-1.477823610257,
    -3.669916161468));
#2561 = CARTESIAN_POINT('',(-1.477783776692,-1.763508585206,
    -3.634640916827));
#2562 = CARTESIAN_POINT('',(-1.142401288537,-1.986708985577,
    -3.599365666293));
#2563 = CARTESIAN_POINT('',(-0.772957038098,-2.138476531444,
    -3.564089637493));
#2564 = CARTESIAN_POINT('',(-3.974704707699E-06,-2.290246126822,
    -3.493534931504));
#2565 = CARTESIAN_POINT('',(0.772961243615,-2.13847589663,
    -3.422977264453));
#2566 = CARTESIAN_POINT('',(1.142417266779,-1.986705105081,
    -3.387698163358));
#2567 = CARTESIAN_POINT('',(1.477810980672,-1.76350518418,
    -3.352420298003));
#2568 = CARTESIAN_POINT('',(1.763512179243,-1.477801295715,
    -3.317143551289));
#2569 = CARTESIAN_POINT('',(1.986706154623,-1.142411320408,
    -3.281866692219));
#2570 = CARTESIAN_POINT('',(2.138474402291,-0.7729602765,-3.24658897464)
  );
#2571 = CARTESIAN_POINT('',(2.290242205953,2.170306445212E-06,
    -3.176032960289));
#2572 = CARTESIAN_POINT('',(2.138472936401,0.77296432929,-3.105476945937
    ));
#2573 = CARTESIAN_POINT('',(1.986703988565,1.142415085262,
    -3.070199228358));
#2574 = CARTESIAN_POINT('',(1.763509379941,1.477804638084,
    -3.034922369287));
#2575 = CARTESIAN_POINT('',(1.477807641078,1.763507987083,
    -2.999645622573));
#2576 = CARTESIAN_POINT('',(1.142413502833,1.986707273105,-2.96436775722
    ));
#2577 = CARTESIAN_POINT('',(0.772957191008,2.138477361705,
    -2.929088656126));
#2578 = CARTESIAN_POINT('',(-8.315203339812E-06,2.290246122674,
    -2.858530989073));
#2579 = CARTESIAN_POINT('',(-0.772961090703,2.138475064064,
    -2.787976283082));
#2580 = CARTESIAN_POINT('',(-1.142405054495,1.986706821697,
    -2.752700254282));
#2581 = CARTESIAN_POINT('',(-1.477787119237,1.763505789961,
    -2.717425003749));
#2582 = CARTESIAN_POINT('',(-1.763502231336,1.477820280464,
    -2.682149759111));
#2583 = CARTESIAN_POINT('',(-1.986731298877,1.142382330707,
    -2.646867047392));
#2584 = CARTESIAN_POINT('',(-2.13848636034,0.772924516677,
    -2.611579240148));
#2585 = CARTESIAN_POINT('',(-2.214361746839,0.386512895621,
    -2.576311252906));
#2586 = CARTESIAN_POINT('',(-2.214361358096,-2.238204708248E-06,
    -2.54103515764));
#2587 = CARTESIAN_POINT('',(-3.175017793013,1.792610504481E-11,
    -4.365624999715));
#2588 = CARTESIAN_POINT('',(-3.175018766167,-0.554145364058,
    -4.330347221906));
#2589 = CARTESIAN_POINT('',(-3.066241600199,-1.108286996748,
    -4.295069443945));
#2590 = CARTESIAN_POINT('',(-2.848597474249,-1.638025229112,
    -4.259791666313));
#2591 = CARTESIAN_POINT('',(-2.528560111204,-2.118915373039,
    -4.224513888735));
#2592 = CARTESIAN_POINT('',(-2.118907984362,-2.528573361094,
    -4.189236110798));
#2593 = CARTESIAN_POINT('',(-1.638017123882,-2.848599619493,
    -4.153958333035));
#2594 = CARTESIAN_POINT('',(-1.108292880479,-3.066212833192,
    -4.118680555206));
#2595 = CARTESIAN_POINT('',(-5.911466187981E-06,-3.283826067366,
    -4.048124999633));
#2596 = CARTESIAN_POINT('',(1.108289962297,-3.06621338922,
    -3.977569444121));
#2597 = CARTESIAN_POINT('',(1.638022790818,-2.848600908891,
    -3.942291666369));
#2598 = CARTESIAN_POINT('',(2.118924218468,-2.528572879084,
    -3.907013888592));
#2599 = CARTESIAN_POINT('',(2.528578077493,-2.118918155899,
    -3.871736110794));
#2600 = CARTESIAN_POINT('',(2.848602713397,-1.638019019381,
    -3.836458332999));
#2601 = CARTESIAN_POINT('',(3.06621139938,-1.108290167159,
    -3.801180555219));
#2602 = CARTESIAN_POINT('',(3.283820164034,4.47988644147E-08,
    -3.730624999673));
#2603 = CARTESIAN_POINT('',(3.066210855998,1.108290150066,
    -3.660069444126));
#2604 = CARTESIAN_POINT('',(2.848602173537,1.638018833537,
    -3.624791666348));
#2605 = CARTESIAN_POINT('',(2.528578835989,2.11891824737,-3.589513888551
    ));
#2606 = CARTESIAN_POINT('',(2.118925617984,2.52857405614,-3.554236110753
    ));
#2607 = CARTESIAN_POINT('',(1.638023460995,2.848602501587,
    -3.518958332977));
#2608 = CARTESIAN_POINT('',(1.108290076467,3.066213487331,
    -3.483680555226));
#2609 = CARTESIAN_POINT('',(-5.937590041548E-06,3.283823835896,
    -3.413124999711));
#2610 = CARTESIAN_POINT('',(-1.108292766307,3.066211502256,
    -3.342569444139));
#2611 = CARTESIAN_POINT('',(-1.638017544366,2.848600270825,
    -3.307291666344));
#2612 = CARTESIAN_POINT('',(-2.118908170933,2.528576319628,
    -3.27201388845));
#2613 = CARTESIAN_POINT('',(-2.528566860436,2.11892203382,
    -3.236736110733));
#2614 = CARTESIAN_POINT('',(-2.848598925778,1.638019876716,
    -3.201458332949));
#2615 = CARTESIAN_POINT('',(-3.066230957293,1.108286614713,
    -3.166180555424));
#2616 = CARTESIAN_POINT('',(-3.175019361718,0.554145364099,
    -3.130902777441));
#2617 = CARTESIAN_POINT('',(-3.175020334872,2.34647800338E-11,
    -3.095624999628));
#2618 = ADVANCED_FACE('',(#2619),#2816,.F.);
#2619 = FACE_BOUND('',#2620,.T.);
#2620 = EDGE_LOOP('',(#2621,#2712,#2720,#2815));
#2621 = ORIENTED_EDGE('',*,*,#2622,.F.);
#2622 = EDGE_CURVE('',#2623,#2013,#2625,.T.);
#2623 = VERTEX_POINT('',#2624);
#2624 = CARTESIAN_POINT('',(-2.550000000001,-5.46075770814E-07,
    -5.274795150357));
#2625 = B_SPLINE_CURVE_WITH_KNOTS('',7,(#2626,#2627,#2628,#2629,#2630,
    #2631,#2632,#2633,#2634,#2635,#2636,#2637,#2638,#2639,#2640,#2641,
    #2642,#2643,#2644,#2645,#2646,#2647,#2648,#2649,#2650,#2651,#2652,
    #2653,#2654,#2655,#2656,#2657,#2658,#2659,#2660,#2661,#2662,#2663,
    #2664,#2665,#2666,#2667,#2668,#2669,#2670,#2671,#2672,#2673,#2674,
    #2675,#2676,#2677,#2678,#2679,#2680,#2681,#2682,#2683,#2684,#2685,
    #2686,#2687,#2688,#2689,#2690,#2691,#2692,#2693,#2694,#2695,#2696,
    #2697,#2698,#2699,#2700,#2701,#2702,#2703,#2704,#2705,#2706,#2707,
    #2708,#2709,#2710,#2711),.UNSPECIFIED.,.F.,.F.,(8,6,6,6,6,6,6,6,6,6,
    6,6,6,6,8),(0.,3.388502438916E-02,0.135144609783,0.219182780361,
    0.272975570279,0.380188682964,0.498382520074,0.532285186155,
    0.630284349762,0.738014274701,0.787921103982,0.868923383209,
    0.955740870528,0.982455767307,1.),.UNSPECIFIED.);
#2626 = CARTESIAN_POINT('',(-2.550000000002,-1.092151563853E-06,
    -5.274795150357));
#2627 = CARTESIAN_POINT('',(-2.550000000002,-7.755512711186E-02,
    -5.268648300199));
#2628 = CARTESIAN_POINT('',(-2.547248193745,-0.155109157354,
    -5.262501014869));
#2629 = CARTESIAN_POINT('',(-2.541744643965,-0.232545548779,
    -5.256353488504));
#2630 = CARTESIAN_POINT('',(-2.533495605568,-0.309747314122,
    -5.250205868419));
#2631 = CARTESIAN_POINT('',(-2.522513525633,-0.386598112959,
    -5.244058255109));
#2632 = CARTESIAN_POINT('',(-2.508817043415,-0.462982251698,
    -5.237910702244));
#2633 = CARTESIAN_POINT('',(-2.443464080313,-0.765307254048,
    -5.213392510116));
#2634 = CARTESIAN_POINT('',(-2.370466042292,-0.986694898486,
    -5.195017910259));
#2635 = CARTESIAN_POINT('',(-2.274099748642,-1.199783522046,
    -5.176647769847));
#2636 = CARTESIAN_POINT('',(-2.155544556129,-1.40165569277,
    -5.158279745945));
#2637 = CARTESIAN_POINT('',(-2.016384885097,-1.589613194379,
    -5.139908994121));
#2638 = CARTESIAN_POINT('',(-1.858594001259,-1.761204921347,
    -5.12153464795));
#2639 = CARTESIAN_POINT('',(-1.540221286508,-2.04137641267,
    -5.087918752292));
#2640 = CARTESIAN_POINT('',(-1.384630568538,-2.155751566048,
    -5.072670958848));
#2641 = CARTESIAN_POINT('',(-1.219209296255,-2.256222152563,
    -5.057424412663));
#2642 = CARTESIAN_POINT('',(-1.045456944267,-2.341800507918,
    -5.04217873102));
#2643 = CARTESIAN_POINT('',(-0.864977052368,-2.411696863234,
    -5.026932291502));
#2644 = CARTESIAN_POINT('',(-0.679466574261,-2.465324578645,
    -5.011684614111));
#2645 = CARTESIAN_POINT('',(-0.369905931017,-2.526031050477,
    -4.986679918496));
#2646 = CARTESIAN_POINT('',(-0.2477533574,-2.542918613203,
    -4.976920888266));
#2647 = CARTESIAN_POINT('',(-0.12472792284,-2.552910381653,
    -4.967161991908));
#2648 = CARTESIAN_POINT('',(-1.296637593117E-03,-2.555955166322,
    -4.957403161472));
#2649 = CARTESIAN_POINT('',(0.122071867969,-2.552041401688,
    -4.947644206589));
#2650 = CARTESIAN_POINT('',(0.244908624142,-2.541197178553,
    -4.937885069253));
#2651 = CARTESIAN_POINT('',(0.609575947197,-2.488199076558,
    -4.908675669633));
#2652 = CARTESIAN_POINT('',(0.848521097329,-2.425634729728,
    -4.889219095194));
#2653 = CARTESIAN_POINT('',(1.079763035033,-2.336323169829,
    -4.869766776117));
#2654 = CARTESIAN_POINT('',(1.299763006194,-2.221465734889,
    -4.850317201835));
#2655 = CARTESIAN_POINT('',(1.505228294056,-2.082781498321,
    -4.830864917688));
#2656 = CARTESIAN_POINT('',(1.693150535693,-1.922487278722,
    -4.811408468838));
#2657 = CARTESIAN_POINT('',(2.045863056753,-1.546002899577,
    -4.770516054252));
#2658 = CARTESIAN_POINT('',(2.206463041812,-1.325609234898,
    -4.749064233552));
#2659 = CARTESIAN_POINT('',(2.339121992891,-1.085992956244,
    -4.727620914227));
#2660 = CARTESIAN_POINT('',(2.441222167092,-0.83144834057,
    -4.706180426929));
#2661 = CARTESIAN_POINT('',(2.51091785376,-0.566576696245,
    -4.684737061405));
#2662 = CARTESIAN_POINT('',(2.547133608805,-0.296291090288,
    -4.663285176227));
#2663 = CARTESIAN_POINT('',(2.550654356517,5.179816992618E-02,
    -4.635692305692));
#2664 = CARTESIAN_POINT('',(2.548684644313,0.129416276661,
    -4.629541750515));
#2665 = CARTESIAN_POINT('',(2.543959275299,0.206944644578,
    -4.623391160342));
#2666 = CARTESIAN_POINT('',(2.536483310773,0.284265950922,
    -4.617240540254));
#2667 = CARTESIAN_POINT('',(2.526268035044,0.361263485989,
    -4.611089895578));
#2668 = CARTESIAN_POINT('',(2.513330955431,0.43782115312,-4.604939231883
    ));
#2669 = CARTESIAN_POINT('',(2.452500774547,0.733516024517,
    -4.581009387094));
#2670 = CARTESIAN_POINT('',(2.384751199728,0.948619327588,
    -4.563226210125));
#2671 = CARTESIAN_POINT('',(2.295019796393,1.156265205155,
    -4.545445812726));
#2672 = CARTESIAN_POINT('',(2.184332432508,1.353793354486,
    -4.527667314314));
#2673 = CARTESIAN_POINT('',(2.054075303594,1.538730057924,
    -4.509887220531));
#2674 = CARTESIAN_POINT('',(1.90598183004,1.708811543744,-4.4921045252)
  );
#2675 = CARTESIAN_POINT('',(1.562154037759,2.030508349689,
    -4.454781871643));
#2676 = CARTESIAN_POINT('',(1.363047255489,2.178708483279,
    -4.435231950065));
#2677 = CARTESIAN_POINT('',(1.147714986995,2.30395850899,-4.415686719511
    ));
#2678 = CARTESIAN_POINT('',(0.919352968926,2.404218061066,
    -4.396144305479));
#2679 = CARTESIAN_POINT('',(0.681411881923,2.477972123144,-4.37659879171
    ));
#2680 = CARTESIAN_POINT('',(0.437556697898,2.524248906985,
    -4.357048539644));
#2681 = CARTESIAN_POINT('',(7.779025989139E-02,2.551370221008,
    -4.328450361357));
#2682 = CARTESIAN_POINT('',(-3.655994226194E-02,2.554004383363,
    -4.319396209223));
#2683 = CARTESIAN_POINT('',(-0.150984353654,2.550658067473,
    -4.310342150915));
#2684 = CARTESIAN_POINT('',(-0.265107930467,2.541332454729,
    -4.301288169448));
#2685 = CARTESIAN_POINT('',(-0.378557592123,2.526058035803,
    -4.292234162913));
#2686 = CARTESIAN_POINT('',(-0.490963082539,2.504894539559,
    -4.283180114708));
#2687 = CARTESIAN_POINT('',(-0.782110082402,2.434166924802,
    -4.259431229581));
#2688 = CARTESIAN_POINT('',(-0.958568966498,2.375117932736,
    -4.244734860626));
#2689 = CARTESIAN_POINT('',(-1.129744339452,2.301164443236,
    -4.230039794081));
#2690 = CARTESIAN_POINT('',(-1.294138737388,2.212890702727,
    -4.215345579838));
#2691 = CARTESIAN_POINT('',(-1.45034197121,2.111053898405,
    -4.200650657031));
#2692 = CARTESIAN_POINT('',(-1.597039763205,1.996579540287,
    -4.185954411668));
#2693 = CARTESIAN_POINT('',(-1.878796380309,1.73554102851,-4.15550924818
    ));
#2694 = CARTESIAN_POINT('',(-2.012299604686,1.58722970287,
    -4.139756656982));
#2695 = CARTESIAN_POINT('',(-2.132059010085,1.427015337525,
    -4.124005110553));
#2696 = CARTESIAN_POINT('',(-2.236830466383,1.256438671417,
    -4.108253827944));
#2697 = CARTESIAN_POINT('',(-2.325582398397,1.077179259659,
    -4.092501257967));
#2698 = CARTESIAN_POINT('',(-2.397503232634,0.891043367693,
    -4.076747801871));
#2699 = CARTESIAN_POINT('',(-2.468830444048,0.641181165783,
    -4.056151156695));
#2700 = CARTESIAN_POINT('',(-2.483969523414,0.581917356056,
    -4.051304737875));
#2701 = CARTESIAN_POINT('',(-2.49744812729,0.522239309289,
    -4.046458445961));
#2702 = CARTESIAN_POINT('',(-2.509252816275,0.462202873095,
    -4.041612287951));
#2703 = CARTESIAN_POINT('',(-2.519372516966,0.401864345665,
    -4.036766254581));
#2704 = CARTESIAN_POINT('',(-2.527798521958,0.341280475772,
    -4.031920320325));
#2705 = CARTESIAN_POINT('',(-2.538941573936,0.240598207969,
    -4.023892054435));
#2706 = CARTESIAN_POINT('',(-2.542625467143,0.200606772865,
    -4.020709688011));
#2707 = CARTESIAN_POINT('',(-2.545574377803,0.160550328704,
    -4.01752733095));
#2708 = CARTESIAN_POINT('',(-2.547786961063,0.120445075918,-4.0143449637
    ));
#2709 = CARTESIAN_POINT('',(-2.549262318877,8.030724412026E-02,
    -4.011162560327));
#2710 = CARTESIAN_POINT('',(-2.550000000002,4.015309210464E-02,
    -4.00798008851));
#2711 = CARTESIAN_POINT('',(-2.550000000002,-1.09215154076E-06,
    -4.004797509548));
#2712 = ORIENTED_EDGE('',*,*,#2713,.T.);
#2713 = EDGE_CURVE('',#2623,#2714,#2716,.T.);
#2714 = VERTEX_POINT('',#2715);
#2715 = CARTESIAN_POINT('',(-2.550000000001,-6.371034205298E-07,
    -4.885258813418));
#2716 = LINE('',#2717,#2718);
#2717 = CARTESIAN_POINT('',(-2.55,0.,-6.2));
#2718 = VECTOR('',#2719,1.);
#2719 = DIRECTION('',(4.800964430811E-17,0.,1.));
#2720 = ORIENTED_EDGE('',*,*,#2721,.T.);
#2721 = EDGE_CURVE('',#2714,#2116,#2722,.T.);
#2722 = B_SPLINE_CURVE_WITH_KNOTS('',7,(#2723,#2724,#2725,#2726,#2727,
    #2728,#2729,#2730,#2731,#2732,#2733,#2734,#2735,#2736,#2737,#2738,
    #2739,#2740,#2741,#2742,#2743,#2744,#2745,#2746,#2747,#2748,#2749,
    #2750,#2751,#2752,#2753,#2754,#2755,#2756,#2757,#2758,#2759,#2760,
    #2761,#2762,#2763,#2764,#2765,#2766,#2767,#2768,#2769,#2770,#2771,
    #2772,#2773,#2774,#2775,#2776,#2777,#2778,#2779,#2780,#2781,#2782,
    #2783,#2784,#2785,#2786,#2787,#2788,#2789,#2790,#2791,#2792,#2793,
    #2794,#2795,#2796,#2797,#2798,#2799,#2800,#2801,#2802,#2803,#2804,
    #2805,#2806,#2807,#2808,#2809,#2810,#2811,#2812,#2813,#2814),
  .UNSPECIFIED.,.F.,.F.,(8,6,6,6,6,6,6,6,6,6,6,6,6,6,6,8),(0.,
    1.800146897661E-02,3.600239188659E-02,0.134996414559,0.228196489726,
    0.298129578131,0.388771760495,0.50067748438,0.614358710949,
    0.63719004737,0.753084148469,0.825087213655,0.874919656804,
    0.959920865823,0.981204608489,1.),.UNSPECIFIED.);
#2723 = CARTESIAN_POINT('',(-2.550000000003,-1.274206873791E-06,
    -4.885258813417));
#2724 = CARTESIAN_POINT('',(-2.550000000003,-4.120196401469E-02,
    -4.881993390053));
#2725 = CARTESIAN_POINT('',(-2.549223367027,-8.24026121597E-02,
    -4.878728134547));
#2726 = CARTESIAN_POINT('',(-2.547670105507,-0.12358563163,
    -4.875462985815));
#2727 = CARTESIAN_POINT('',(-2.545340715327,-0.164733463816,
    -4.872197893263));
#2728 = CARTESIAN_POINT('',(-2.542236191817,-0.205828578513,
    -4.868932816784));
#2729 = CARTESIAN_POINT('',(-2.538358025757,-0.246853473918,
    -4.865667726761));
#2730 = CARTESIAN_POINT('',(-2.529058522049,-0.328726637533,
    -4.859137580415));
#2731 = CARTESIAN_POINT('',(-2.523637228333,-0.369574936462,
    -4.855872521816));
#2732 = CARTESIAN_POINT('',(-2.517446309536,-0.410318101622,
    -4.852607408589));
#2733 = CARTESIAN_POINT('',(-2.510488242108,-0.450938744785,
    -4.849342226385));
#2734 = CARTESIAN_POINT('',(-2.502765991643,-0.491419561295,
    -4.846076966192));
#2735 = CARTESIAN_POINT('',(-2.494283012877,-0.531743330064,
    -4.842811624328));
#2736 = CARTESIAN_POINT('',(-2.434230225775,-0.792690969335,
    -4.821588387188));
#2737 = CARTESIAN_POINT('',(-2.360517717878,-1.008271813934,
    -4.803624071187));
#2738 = CARTESIAN_POINT('',(-2.264564750304,-1.215692768841,
    -4.785660487851));
#2739 = CARTESIAN_POINT('',(-2.147497189806,-1.41223917059,
    -4.767699040476));
#2740 = CARTESIAN_POINT('',(-2.010810583189,-1.595399476547,
    -4.749737211464));
#2741 = CARTESIAN_POINT('',(-1.856355949711,-1.762889920543,
    -4.731773364348));
#2742 = CARTESIAN_POINT('',(-1.526407833033,-2.053797712733,
    -4.69690661752));
#2743 = CARTESIAN_POINT('',(-1.35261079917,-2.179277346615,
    -4.679996497937));
#2744 = CARTESIAN_POINT('',(-1.166890395215,-2.287499377803,
    -4.663089003599));
#2745 = CARTESIAN_POINT('',(-0.971315067947,-2.37714824237,
    -4.646182818585));
#2746 = CARTESIAN_POINT('',(-0.768101734385,-2.447207781997,
    -4.629274807391));
#2747 = CARTESIAN_POINT('',(-0.55959713082,-2.496969759537,
    -4.612364150584));
#2748 = CARTESIAN_POINT('',(-0.189730417467,-2.547965291228,
    -4.58276923768));
#2749 = CARTESIAN_POINT('',(-2.956324687084E-02,-2.558216742152,
    -4.570081381588));
#2750 = CARTESIAN_POINT('',(0.131177711729,-2.556713258051,
    -4.557393942774));
#2751 = CARTESIAN_POINT('',(0.291459355014,-2.543431093281,
    -4.544706796264));
#2752 = CARTESIAN_POINT('',(0.450255302391,-2.518455286361,
    -4.532019334391));
#2753 = CARTESIAN_POINT('',(0.606550439934,-2.481979292804,
    -4.51933141698));
#2754 = CARTESIAN_POINT('',(0.957389554886,-2.372540553742,
    -4.490200215025));
#2755 = CARTESIAN_POINT('',(1.149601328816,-2.291956970605,
    -4.47375364458));
#2756 = CARTESIAN_POINT('',(1.333779489935,-2.193241906314,
    -4.457309192102));
#2757 = CARTESIAN_POINT('',(1.507897631392,-2.077383495466,
    -4.440866080818));
#2758 = CARTESIAN_POINT('',(1.670088151679,-1.945624458994,
    -4.424421730554));
#2759 = CARTESIAN_POINT('',(1.818657013323,-1.799452286018,
    -4.407975328677));
#2760 = CARTESIAN_POINT('',(2.116914875482,-1.444566647862,
    -4.371229949392));
#2761 = CARTESIAN_POINT('',(2.25878500497,-1.229113455946,
    -4.350920718022));
#2762 = CARTESIAN_POINT('',(2.374885160226,-0.997616211012,
    -4.330617351589));
#2763 = CARTESIAN_POINT('',(2.463148074527,-0.753802821616,
    -4.310315981193));
#2764 = CARTESIAN_POINT('',(2.522140642917,-0.501631872497,
    -4.290012447158));
#2765 = CARTESIAN_POINT('',(2.551064660857,-0.245290789289,
    -4.269703051857));
#2766 = CARTESIAN_POINT('',(2.548872095433,0.271009727102,
    -4.228777918975));
#2767 = CARTESIAN_POINT('',(2.516794744342,0.531163223692,
    -4.208146480065));
#2768 = CARTESIAN_POINT('',(2.453722576454,0.786676738237,
    -4.187522098389));
#2769 = CARTESIAN_POINT('',(2.360545614119,1.033169105409,
    -4.166900379503));
#2770 = CARTESIAN_POINT('',(2.238824340052,1.266512398047,-4.14627633856
    ));
#2771 = CARTESIAN_POINT('',(2.090789377046,1.482832351631,
    -4.125645340151));
#2772 = CARTESIAN_POINT('',(1.885108385486,1.718019943301,
    -4.100880251658));
#2773 = CARTESIAN_POINT('',(1.849768420977,1.756532025073,
    -4.096738345815));
#2774 = CARTESIAN_POINT('',(1.813511695035,1.794194702731,-4.09259642382
    ));
#2775 = CARTESIAN_POINT('',(1.776362758315,1.83098185557,-4.088454485479
    ));
#2776 = CARTESIAN_POINT('',(1.738347067677,1.866868274805,-4.08431253106
    ));
#2777 = CARTESIAN_POINT('',(1.699490986186,1.901829663572,
    -4.080170561294));
#2778 = CARTESIAN_POINT('',(1.458457020806,2.108495822918,
    -4.055003461095));
#2779 = CARTESIAN_POINT('',(1.236053584173,2.256785759509,
    -4.033968959073));
#2780 = CARTESIAN_POINT('',(0.996295956415,2.377491408447,-4.0129414663)
  );
#2781 = CARTESIAN_POINT('',(0.743324371113,2.468307072831,
    -3.991916370115));
#2782 = CARTESIAN_POINT('',(0.481538770796,2.527653124959,
    -3.970888915694));
#2783 = CARTESIAN_POINT('',(0.215600649243,2.554675480609,
    -3.949854498655));
#2784 = CARTESIAN_POINT('',(-0.214361546692,2.546311042526,
    -3.915766835204));
#2785 = CARTESIAN_POINT('',(-0.378894060567,2.530682974925,
    -3.902703577686));
#2786 = CARTESIAN_POINT('',(-0.542052508339,2.502651586956,
    -3.889641063587));
#2787 = CARTESIAN_POINT('',(-0.702719397906,2.462371094603,
    -3.876578994088));
#2788 = CARTESIAN_POINT('',(-0.859804400581,2.410114864966,
    -3.863516533418));
#2789 = CARTESIAN_POINT('',(-1.012249491419,2.346274118009,
    -3.850453445221));
#2790 = CARTESIAN_POINT('',(-1.260627939961,2.219531362677,
    -3.828350900114));
#2791 = CARTESIAN_POINT('',(-1.359514632475,2.162389859286,
    -3.81931049608));
#2792 = CARTESIAN_POINT('',(-1.455363321626,2.100117233876,
    -3.810270160822));
#2793 = CARTESIAN_POINT('',(-1.547855725179,2.03290866467,
    -3.801229854651));
#2794 = CARTESIAN_POINT('',(-1.636690374616,1.96098320174,
    -3.792189454279));
#2795 = CARTESIAN_POINT('',(-1.721583307608,1.884583265555,
    -3.78314892869));
#2796 = CARTESIAN_POINT('',(-1.939897193111,1.666475916909,
    -3.758687916654));
#2797 = CARTESIAN_POINT('',(-2.065304644295,1.516710385331,
    -3.743265359691));
#2798 = CARTESIAN_POINT('',(-2.177146292623,1.356010623738,
    -3.727844175736));
#2799 = CARTESIAN_POINT('',(-2.274305002221,1.185861626563,
    -3.712423990579));
#2800 = CARTESIAN_POINT('',(-2.355863512293,1.007869886126,
    -3.697002992548));
#2801 = CARTESIAN_POINT('',(-2.421110739188,0.823752262256,
    -3.681580524408));
#2802 = CARTESIAN_POINT('',(-2.481719123159,0.588167994044,
    -3.662298800773));
#2803 = CARTESIAN_POINT('',(-2.492804671916,0.540721269744,
    -3.65843760008));
#2804 = CARTESIAN_POINT('',(-2.502831582815,0.493032181542,
    -3.654576401531));
#2805 = CARTESIAN_POINT('',(-2.51179355906,0.445129098129,-3.65071521055
    ));
#2806 = CARTESIAN_POINT('',(-2.519685261509,0.397040547593,
    -3.646854033158));
#2807 = CARTESIAN_POINT('',(-2.52650230868,0.348795217419,
    -3.642992875974));
#2808 = CARTESIAN_POINT('',(-2.537309283511,0.257704166094,
    -3.635722033617));
#2809 = CARTESIAN_POINT('',(-2.541536560353,0.214886585348,
    -3.632312342983));
#2810 = CARTESIAN_POINT('',(-2.544920747494,0.171989088699,
    -3.628902680999));
#2811 = CARTESIAN_POINT('',(-2.547460073626,0.129031588417,
    -3.625493056467));
#2812 = CARTESIAN_POINT('',(-2.549153355915,8.603403259387E-02,
    -3.622083480304));
#2813 = CARTESIAN_POINT('',(-2.550000000003,4.301640514107E-02,
    -3.618673965544));
#2814 = CARTESIAN_POINT('',(-2.550000000003,-1.274206841373E-06,
    -3.615264527335));
#2815 = ORIENTED_EDGE('',*,*,#2115,.F.);
#2816 = CYLINDRICAL_SURFACE('',#2817,2.55);
#2817 = AXIS2_PLACEMENT_3D('',#2818,#2819,#2820);
#2818 = CARTESIAN_POINT('',(0.,0.,-6.2));
#2819 = DIRECTION('',(0.,0.,1.));
#2820 = DIRECTION('',(-1.,0.,0.));
#2821 = ADVANCED_FACE('',(#2822),#2857,.F.);
#2822 = FACE_BOUND('',#2823,.F.);
#2823 = EDGE_LOOP('',(#2824,#2825,#2832,#2856));
#2824 = ORIENTED_EDGE('',*,*,#2521,.F.);
#2825 = ORIENTED_EDGE('',*,*,#2826,.T.);
#2826 = EDGE_CURVE('',#2515,#2827,#2829,.T.);
#2827 = VERTEX_POINT('',#2828);
#2828 = CARTESIAN_POINT('',(-3.175022876731,2.304610178939E-11,
    -4.524374999634));
#2829 = B_SPLINE_CURVE_WITH_KNOTS('',1,(#2830,#2831),.UNSPECIFIED.,.F.,
  .F.,(2,2),(0.,0.15875),.PIECEWISE_BEZIER_KNOTS.);
#2830 = CARTESIAN_POINT('',(-3.175017793013,1.796009196444E-11,
    -4.365624999715));
#2831 = CARTESIAN_POINT('',(-3.175022876731,2.308088463499E-11,
    -4.524374999634));
#2832 = ORIENTED_EDGE('',*,*,#2833,.T.);
#2833 = EDGE_CURVE('',#2827,#2229,#2834,.T.);
#2834 = B_SPLINE_CURVE_WITH_KNOTS('',11,(#2835,#2836,#2837,#2838,#2839,
    #2840,#2841,#2842,#2843,#2844,#2845,#2846,#2847,#2848,#2849,#2850,
    #2851,#2852,#2853,#2854,#2855),.UNSPECIFIED.,.F.,.F.,(12,9,12),(0.,
    3.205125489133,6.410250978266),.UNSPECIFIED.);
#2835 = CARTESIAN_POINT('',(-3.175022876731,2.304822999122E-11,
    -4.524374999634));
#2836 = CARTESIAN_POINT('',(-3.175024924145,-0.906784878289,
    -4.466647726841));
#2837 = CARTESIAN_POINT('',(-2.8902290125,-1.813560131539,
    -4.408920453534));
#2838 = CARTESIAN_POINT('',(-2.320249800358,-2.620954983302,
    -4.351193182383));
#2839 = CARTESIAN_POINT('',(-1.504889771663,-3.22929502972,
    -4.293465908769));
#2840 = CARTESIAN_POINT('',(-0.521564443156,-3.557143299417,
    -4.235738634689));
#2841 = CARTESIAN_POINT('',(0.521546057772,-3.556999799382,
    -4.178011364089));
#2842 = CARTESIAN_POINT('',(1.50482421305,-3.229396888863,
    -4.120284090299));
#2843 = CARTESIAN_POINT('',(2.320412223719,-2.620911296049,
    -4.062556817825));
#2844 = CARTESIAN_POINT('',(2.8901511644,-1.813568891758,-4.004829545015
    ));
#2845 = CARTESIAN_POINT('',(3.459891592614,1.130917722321E-07,
    -3.889374999579));
#2846 = CARTESIAN_POINT('',(2.890150021181,1.813568758794,
    -3.773920454144));
#2847 = CARTESIAN_POINT('',(2.32040696185,2.620916710281,-3.71619318139)
  );
#2848 = CARTESIAN_POINT('',(1.504855622667,3.229364545782,
    -3.658465908593));
#2849 = CARTESIAN_POINT('',(0.521504353314,3.557106103759,
    -3.600738635668));
#2850 = CARTESIAN_POINT('',(-0.521558446826,3.556979143615,
    -3.543011363672));
#2851 = CARTESIAN_POINT('',(-1.504835026636,3.229407001264,
    -3.485284091054));
#2852 = CARTESIAN_POINT('',(-2.320326747117,2.62092945446,
    -3.427556816444));
#2853 = CARTESIAN_POINT('',(-2.890192811401,1.813558845436,
    -3.369829545697));
#2854 = CARTESIAN_POINT('',(-3.17502409742,0.906784878342,
    -3.312102272324));
#2855 = CARTESIAN_POINT('',(-3.175026144835,3.015587216241E-11,
    -3.254374999522));
#2856 = ORIENTED_EDGE('',*,*,#2228,.F.);
#2857 = B_SPLINE_SURFACE_WITH_KNOTS('',1,11,(
    (#2858,#2859,#2860,#2861,#2862,#2863,#2864,#2865,#2866,#2867,#2868
      ,#2869,#2870,#2871,#2872,#2873,#2874,#2875,#2876,#2877,#2878)
    ,(#2879,#2880,#2881,#2882,#2883,#2884,#2885,#2886,#2887,#2888,#2889
      ,#2890,#2891,#2892,#2893,#2894,#2895,#2896,#2897,#2898,#2899
  )),.UNSPECIFIED.,.F.,.F.,.F.,(2,2),(12,9,12),(0.,0.15875),(0.,
    3.205125489133,6.410250978266),.UNSPECIFIED.);
#2858 = CARTESIAN_POINT('',(-3.175017793013,1.79256609556E-11,
    -4.365624999715));
#2859 = CARTESIAN_POINT('',(-3.175019385446,-0.906783323016,
    -4.307897726937));
#2860 = CARTESIAN_POINT('',(-2.890220031816,-1.813556876602,
    -4.250170453759));
#2861 = CARTESIAN_POINT('',(-2.320254370331,-2.620947651018,
    -4.192443182258));
#2862 = CARTESIAN_POINT('',(-1.504881105342,-3.229301931496,
    -4.134715908841));
#2863 = CARTESIAN_POINT('',(-0.521562884241,-3.557118956208,
    -4.076988635061));
#2864 = CARTESIAN_POINT('',(0.521540530468,-3.557005510208,
    -4.019261363989));
#2865 = CARTESIAN_POINT('',(1.504825121127,-3.229387754298,
    -3.961534090434));
#2866 = CARTESIAN_POINT('',(2.320407658355,-2.620907401546,
    -3.903806817904));
#2867 = CARTESIAN_POINT('',(2.890146079231,-1.813565765802,
    -3.846079545113));
#2868 = CARTESIAN_POINT('',(3.459885657077,8.79602595798E-08,
    -3.730624999673));
#2869 = CARTESIAN_POINT('',(2.890145190061,1.813565662386,
    -3.615170454233));
#2870 = CARTESIAN_POINT('',(2.32040356579,2.620911612616,-3.557443181486
    ));
#2871 = CARTESIAN_POINT('',(1.50484955083,3.229362598568,-3.499715908701
    ));
#2872 = CARTESIAN_POINT('',(0.521508093667,3.557088191391,
    -3.441988635827));
#2873 = CARTESIAN_POINT('',(-0.521558220429,3.556991279472,
    -3.38426136366));
#2874 = CARTESIAN_POINT('',(-1.504838525877,3.229389020475,
    -3.326534091024));
#2875 = CARTESIAN_POINT('',(-2.32031421781,2.620927795252,
    -3.268806816829));
#2876 = CARTESIAN_POINT('',(-2.890191875405,1.813555876299,
    -3.211079545643));
#2877 = CARTESIAN_POINT('',(-3.175018742438,0.906783323057,
    -3.153352272413));
#2878 = CARTESIAN_POINT('',(-3.175020334872,2.346389185538E-11,
    -3.095624999628));
#2879 = CARTESIAN_POINT('',(-3.175022876731,2.304822999122E-11,
    -4.524374999634));
#2880 = CARTESIAN_POINT('',(-3.175024924145,-0.906784878289,
    -4.466647726841));
#2881 = CARTESIAN_POINT('',(-2.8902290125,-1.813560131539,
    -4.408920453534));
#2882 = CARTESIAN_POINT('',(-2.320249800358,-2.620954983302,
    -4.351193182383));
#2883 = CARTESIAN_POINT('',(-1.504889771663,-3.22929502972,
    -4.293465908769));
#2884 = CARTESIAN_POINT('',(-0.521564443156,-3.557143299417,
    -4.235738634689));
#2885 = CARTESIAN_POINT('',(0.521546057772,-3.556999799382,
    -4.178011364089));
#2886 = CARTESIAN_POINT('',(1.50482421305,-3.229396888863,
    -4.120284090299));
#2887 = CARTESIAN_POINT('',(2.320412223719,-2.620911296049,
    -4.062556817825));
#2888 = CARTESIAN_POINT('',(2.8901511644,-1.813568891758,-4.004829545015
    ));
#2889 = CARTESIAN_POINT('',(3.459891592614,1.130917722321E-07,
    -3.889374999579));
#2890 = CARTESIAN_POINT('',(2.890150021181,1.813568758794,
    -3.773920454144));
#2891 = CARTESIAN_POINT('',(2.32040696185,2.620916710281,-3.71619318139)
  );
#2892 = CARTESIAN_POINT('',(1.504855622667,3.229364545782,
    -3.658465908593));
#2893 = CARTESIAN_POINT('',(0.521504353314,3.557106103759,
    -3.600738635668));
#2894 = CARTESIAN_POINT('',(-0.521558446826,3.556979143615,
    -3.543011363672));
#2895 = CARTESIAN_POINT('',(-1.504835026636,3.229407001264,
    -3.485284091054));
#2896 = CARTESIAN_POINT('',(-2.320326747117,2.62092945446,
    -3.427556816444));
#2897 = CARTESIAN_POINT('',(-2.890192811401,1.813558845436,
    -3.369829545697));
#2898 = CARTESIAN_POINT('',(-3.17502409742,0.906784878342,
    -3.312102272324));
#2899 = CARTESIAN_POINT('',(-3.175026144835,3.015587216241E-11,
    -3.254374999522));
#2900 = ADVANCED_FACE('',(#2901),#2911,.F.);
#2901 = FACE_BOUND('',#2902,.F.);
#2902 = EDGE_LOOP('',(#2903,#2904,#2909,#2910));
#2903 = ORIENTED_EDGE('',*,*,#2833,.F.);
#2904 = ORIENTED_EDGE('',*,*,#2905,.T.);
#2905 = EDGE_CURVE('',#2827,#2714,#2906,.T.);
#2906 = B_SPLINE_CURVE_WITH_KNOTS('',1,(#2907,#2908),.UNSPECIFIED.,.F.,
  .F.,(2,2),(0.,1.10925),.PIECEWISE_BEZIER_KNOTS.);
#2907 = CARTESIAN_POINT('',(-3.175022876731,2.308078065611E-11,
    -4.524374999634));
#2908 = CARTESIAN_POINT('',(-2.214401959068,-1.958388302878E-06,
    -5.079030762286));
#2909 = ORIENTED_EDGE('',*,*,#2721,.T.);
#2910 = ORIENTED_EDGE('',*,*,#2307,.F.);
#2911 = B_SPLINE_SURFACE_WITH_KNOTS('',1,9,(
    (#2912,#2913,#2914,#2915,#2916,#2917,#2918,#2919,#2920,#2921,#2922
      ,#2923,#2924,#2925,#2926,#2927,#2928,#2929,#2930,#2931,#2932,#2933
      ,#2934,#2935,#2936,#2937,#2938,#2939,#2940,#2941,#2942)
    ,(#2943,#2944,#2945,#2946,#2947,#2948,#2949,#2950,#2951,#2952,#2953
      ,#2954,#2955,#2956,#2957,#2958,#2959,#2960,#2961,#2962,#2963,#2964
      ,#2965,#2966,#2967,#2968,#2969,#2970,#2971,#2972,#2973
  )),.UNSPECIFIED.,.F.,.F.,.F.,(2,2),(10,7,7,7,10),(0.,1.10925),(0.,
    1.602562744566,3.205125489133,4.807688233699,6.410250978266),
  .UNSPECIFIED.);
#2912 = CARTESIAN_POINT('',(-3.175022876731,2.304822999122E-11,
    -4.524374999634));
#2913 = CARTESIAN_POINT('',(-3.175024127929,-0.554146314501,
    -4.489097221816));
#2914 = CARTESIAN_POINT('',(-3.066248380874,-1.108288952786,
    -4.453819443802));
#2915 = CARTESIAN_POINT('',(-2.8486021536,-1.638028803964,
    -4.418541666212));
#2916 = CARTESIAN_POINT('',(-2.528563484863,-2.118918056459,
    -4.383263888691));
#2917 = CARTESIAN_POINT('',(-2.118911592815,-2.52857727631,
    -4.347986110709));
#2918 = CARTESIAN_POINT('',(-1.6380198739,-2.848604413294,-4.31270833295
    ));
#2919 = CARTESIAN_POINT('',(-1.1082947981,-3.066218283505,
    -4.277430555106));
#2920 = CARTESIAN_POINT('',(-5.907732943259E-06,-3.283832019648,
    -4.206874999528));
#2921 = CARTESIAN_POINT('',(1.108291847281,-3.066218635387,
    -4.136319444028));
#2922 = CARTESIAN_POINT('',(1.638025505129,-2.848605568231,
    -4.101041666284));
#2923 = CARTESIAN_POINT('',(2.118927653604,-2.528577048792,
    -4.065763888507));
#2924 = CARTESIAN_POINT('',(2.528582307,-2.118921777896,-4.030486110704)
  );
#2925 = CARTESIAN_POINT('',(2.848607677399,-1.638021855969,
    -3.995208332903));
#2926 = CARTESIAN_POINT('',(3.066216737192,-1.108292070879,
    -3.959930555123));
#2927 = CARTESIAN_POINT('',(3.28382579753,5.759855932297E-08,
    -3.88937499958));
#2928 = CARTESIAN_POINT('',(3.066216038558,1.108292048902,
    -3.818819444035));
#2929 = CARTESIAN_POINT('',(2.848606983293,1.638021617027,
    -3.783541666258));
#2930 = CARTESIAN_POINT('',(2.528583282208,2.118921895502,
    -3.748263888454));
#2931 = CARTESIAN_POINT('',(2.118929452981,2.52857856215,-3.712986110652
    ));
#2932 = CARTESIAN_POINT('',(1.638026366785,2.848607615983,
    -3.677708332874));
#2933 = CARTESIAN_POINT('',(1.108291994072,3.066218761529,
    -3.642430555132));
#2934 = CARTESIAN_POINT('',(-5.941320805014E-06,3.283829150615,
    -3.571874999629));
#2935 = CARTESIAN_POINT('',(-1.108294651308,3.066216572302,
    -3.501319444052));
#2936 = CARTESIAN_POINT('',(-1.638020414522,2.848605250721,
    -3.466041666252));
#2937 = CARTESIAN_POINT('',(-2.118911832692,2.528581080138,
    -3.430763888324));
#2938 = CARTESIAN_POINT('',(-2.528572162448,2.118926620319,
    -3.395486110625));
#2939 = CARTESIAN_POINT('',(-2.848604019851,1.638021922312,
    -3.360208332839));
#2940 = CARTESIAN_POINT('',(-3.066234697139,1.108288461599,
    -3.324930555387));
#2941 = CARTESIAN_POINT('',(-3.175024893637,0.554146314554,
    -3.289652777345));
#2942 = CARTESIAN_POINT('',(-3.175026144835,3.015587216241E-11,
    -3.254374999522));
#2943 = CARTESIAN_POINT('',(-2.214401959068,-1.958388336387E-06,
    -5.079030762286));
#2944 = CARTESIAN_POINT('',(-2.214403839984,-0.386524683824,
    -5.043754666949));
#2945 = CARTESIAN_POINT('',(-2.138539075085,-0.77294419393,
    -5.008486679287));
#2946 = CARTESIAN_POINT('',(-1.986766506836,-1.142414659505,
    -4.973198872385));
#2947 = CARTESIAN_POINT('',(-1.763526364924,-1.477845043807,
    -4.937916161119));
#2948 = CARTESIAN_POINT('',(-1.477812598857,-1.763539857604,
    -4.902640916112));
#2949 = CARTESIAN_POINT('',(-1.142423254032,-1.986747275592,
    -4.867365665613));
#2950 = CARTESIAN_POINT('',(-0.772972354913,-2.138520065286,
    -4.832089636695));
#2951 = CARTESIAN_POINT('',(-3.94488582381E-06,-2.290293670088,
    -4.761534930667));
#2952 = CARTESIAN_POINT('',(0.772976299744,-2.138517799869,
    -4.690977263714));
#2953 = CARTESIAN_POINT('',(1.142438947068,-1.986742321103,
    -4.655698162678));
#2954 = CARTESIAN_POINT('',(1.47783841848,-1.763538489312,
    -4.620420297326));
#2955 = CARTESIAN_POINT('',(1.763545962013,-1.47783022606,
    -4.585143550566));
#2956 = CARTESIAN_POINT('',(1.986745804097,-1.142433977375,
    -4.549866691455));
#2957 = CARTESIAN_POINT('',(2.138517037539,-0.772975482276,
    -4.514588973873));
#2958 = CARTESIAN_POINT('',(2.290287202944,2.27254265605E-06,
    -4.444032959542));
#2959 = CARTESIAN_POINT('',(2.138514331589,0.772979496057,
    -4.373476945211));
#2960 = CARTESIAN_POINT('',(1.986742406017,1.142437318113,-4.33819922763
    ));
#2961 = CARTESIAN_POINT('',(1.763544893683,1.477833777176,
    -4.302922368516));
#2962 = CARTESIAN_POINT('',(1.477838272742,1.763543978391,
    -4.267645621756));
#2963 = CARTESIAN_POINT('',(1.142436712543,1.986748123841,
    -4.232367756407));
#2964 = CARTESIAN_POINT('',(0.772972507688,2.138519488843,
    -4.197088655374));
#2965 = CARTESIAN_POINT('',(-8.345002270001E-06,2.290288573469,
    -4.126530988414));
#2966 = CARTESIAN_POINT('',(-0.772976146965,2.138515560559,
    -4.055976282386));
#2967 = CARTESIAN_POINT('',(-1.142427979581,1.986746598126,
    -4.020700253546));
#2968 = CARTESIAN_POINT('',(-1.47781636718,1.763543814073,
    -3.985425002747));
#2969 = CARTESIAN_POINT('',(-1.763544580627,1.477856914678,
    -3.950149758247));
#2970 = CARTESIAN_POINT('',(-1.986771987287,1.142398669703,
    -3.914867046515));
#2971 = CARTESIAN_POINT('',(-2.138516231989,0.772939268493,
    -3.879579239849));
#2972 = CARTESIAN_POINT('',(-2.2144059325,0.386520487284,-3.844311252138
    ));
#2973 = CARTESIAN_POINT('',(-2.214407764606,-2.238151261445E-06,
    -3.809035156791));
#2974 = ADVANCED_FACE('',(#2975),#2994,.F.);
#2975 = FACE_BOUND('',#2976,.T.);
#2976 = EDGE_LOOP('',(#2977,#2985,#2986));
#2977 = ORIENTED_EDGE('',*,*,#2978,.F.);
#2978 = EDGE_CURVE('',#2396,#2979,#2981,.T.);
#2979 = VERTEX_POINT('',#2980);
#2980 = CARTESIAN_POINT('',(-2.550000000001,-5.460864396783E-07,
    -6.15525311397));
#2981 = LINE('',#2982,#2983);
#2982 = CARTESIAN_POINT('',(-2.55,0.,-6.2));
#2983 = VECTOR('',#2984,1.);
#2984 = DIRECTION('',(4.800964430811E-17,0.,1.));
#2985 = ORIENTED_EDGE('',*,*,#2395,.T.);
#2986 = ORIENTED_EDGE('',*,*,#2987,.T.);
#2987 = EDGE_CURVE('',#2398,#2979,#2988,.T.);
#2988 = B_SPLINE_CURVE_WITH_KNOTS('',4,(#2989,#2990,#2991,#2992,#2993),
  .UNSPECIFIED.,.F.,.F.,(5,5),(0.,1.),.PIECEWISE_BEZIER_KNOTS.);
#2989 = CARTESIAN_POINT('',(-2.487590950487,0.560704947625,
    -6.20006225366));
#2990 = CARTESIAN_POINT('',(-2.51866743393,0.422833097591,
    -6.188859650687));
#2991 = CARTESIAN_POINT('',(-2.539555604715,0.282663424387,
    -6.177657076263));
#2992 = CARTESIAN_POINT('',(-2.550000000002,0.141331022497,
    -6.166454621562));
#2993 = CARTESIAN_POINT('',(-2.550000000002,-1.09217287886E-06,
    -6.15525311397));
#2994 = CYLINDRICAL_SURFACE('',#2995,2.55);
#2995 = AXIS2_PLACEMENT_3D('',#2996,#2997,#2998);
#2996 = CARTESIAN_POINT('',(0.,0.,-6.2));
#2997 = DIRECTION('',(0.,0.,1.));
#2998 = DIRECTION('',(-1.,0.,0.));
#2999 = ADVANCED_FACE('',(#3000),#3035,.F.);
#3000 = FACE_BOUND('',#3001,.F.);
#3001 = EDGE_LOOP('',(#3002,#3028,#3029,#3030));
#3002 = ORIENTED_EDGE('',*,*,#3003,.F.);
#3003 = EDGE_CURVE('',#2453,#3004,#3006,.T.);
#3004 = VERTEX_POINT('',#3005);
#3005 = CARTESIAN_POINT('',(-3.175019608626,1.695044495718E-11,
    -5.794374999731));
#3006 = B_SPLINE_CURVE_WITH_KNOTS('',11,(#3007,#3008,#3009,#3010,#3011,
    #3012,#3013,#3014,#3015,#3016,#3017,#3018,#3019,#3020,#3021,#3022,
    #3023,#3024,#3025,#3026,#3027),.UNSPECIFIED.,.F.,.F.,(12,9,12),(0.,
    3.205125489133,6.410250978266),.UNSPECIFIED.);
#3007 = CARTESIAN_POINT('',(-3.17501634052,1.177902220206E-11,
    -7.064374999813));
#3008 = CARTESIAN_POINT('',(-3.175018387932,-0.906783011966,
    -7.00664772704));
#3009 = CARTESIAN_POINT('',(-2.890223062484,-1.813556397106,
    -6.948920453896));
#3010 = CARTESIAN_POINT('',(-2.320245024746,-2.620949588414,
    -6.891193182271));
#3011 = CARTESIAN_POINT('',(-1.504886671403,-3.229288382316,
    -6.833465909025));
#3012 = CARTESIAN_POINT('',(-0.521563371953,-3.557135975007,
    -6.775738635113));
#3013 = CARTESIAN_POINT('',(0.521544985614,-3.556992478454,
    -6.71801136413));
#3014 = CARTESIAN_POINT('',(1.504821114807,-3.229390239788,
    -6.660284090509));
#3015 = CARTESIAN_POINT('',(2.320407446874,-2.620905900738,
    -6.602556818009));
#3016 = CARTESIAN_POINT('',(2.890145214632,-1.813565158327,
    -6.544829545215));
#3017 = CARTESIAN_POINT('',(3.459884469968,1.131051581079E-07,
    -6.429374999774));
#3018 = CARTESIAN_POINT('',(2.8901440714,1.813565025386,-6.313920454333)
  );
#3019 = CARTESIAN_POINT('',(2.320402184985,2.620911314988,
    -6.256193181595));
#3020 = CARTESIAN_POINT('',(1.504852524397,3.229357896721,-6.19846590877
    ));
#3021 = CARTESIAN_POINT('',(0.521503281131,3.557098782829,
    -6.140738636019));
#3022 = CARTESIAN_POINT('',(-0.521557375655,3.556971819206,
    -6.083011363634));
#3023 = CARTESIAN_POINT('',(-1.504831926398,3.229400353845,
    -6.025284091189));
#3024 = CARTESIAN_POINT('',(-2.320321971526,2.620924059557,
    -5.967556816944));
#3025 = CARTESIAN_POINT('',(-2.890186861398,1.813555110978,
    -5.909829545725));
#3026 = CARTESIAN_POINT('',(-3.175017561213,0.906783011994,
    -5.852102272514));
#3027 = CARTESIAN_POINT('',(-3.175019608626,1.696953124977E-11,
    -5.794374999731));
#3028 = ORIENTED_EDGE('',*,*,#2480,.F.);
#3029 = ORIENTED_EDGE('',*,*,#2987,.T.);
#3030 = ORIENTED_EDGE('',*,*,#3031,.F.);
#3031 = EDGE_CURVE('',#3004,#2979,#3032,.T.);
#3032 = B_SPLINE_CURVE_WITH_KNOTS('',1,(#3033,#3034),.UNSPECIFIED.,.F.,
  .F.,(2,2),(0.,1.10925),.PIECEWISE_BEZIER_KNOTS.);
#3033 = CARTESIAN_POINT('',(-3.175019608626,1.696953124977E-11,
    -5.794374999731));
#3034 = CARTESIAN_POINT('',(-2.214396153546,-1.678623463129E-06,
    -6.349026367752));
#3035 = B_SPLINE_SURFACE_WITH_KNOTS('',1,9,(
    (#3036,#3037,#3038,#3039,#3040,#3041,#3042,#3043,#3044,#3045,#3046
      ,#3047,#3048,#3049,#3050,#3051,#3052,#3053,#3054,#3055,#3056,#3057
      ,#3058,#3059,#3060,#3061,#3062,#3063,#3064,#3065,#3066)
    ,(#3067,#3068,#3069,#3070,#3071,#3072,#3073,#3074,#3075,#3076,#3077
      ,#3078,#3079,#3080,#3081,#3082,#3083,#3084,#3085,#3086,#3087,#3088
      ,#3089,#3090,#3091,#3092,#3093,#3094,#3095,#3096,#3097
  )),.UNSPECIFIED.,.F.,.F.,.F.,(2,2),(10,7,7,7,10),(0.,1.10925),(0.,
    1.602562744566,3.205125489133,4.807688233699,6.410250978266),
  .UNSPECIFIED.);
#3036 = CARTESIAN_POINT('',(-3.17501634052,1.177902220206E-11,
    -7.064374999813));
#3037 = CARTESIAN_POINT('',(-3.175017591716,-0.554145173975,
    -7.029097222007));
#3038 = CARTESIAN_POINT('',(-3.066242068556,-1.108286671044,
    -6.99381944406));
#3039 = CARTESIAN_POINT('',(-2.848596289538,-1.638025431706,
    -6.958541666401));
#3040 = CARTESIAN_POINT('',(-2.528558279451,-2.118913694516,
    -6.923263888847));
#3041 = CARTESIAN_POINT('',(-2.118907230677,-2.528572070881,
    -6.887986110881));
#3042 = CARTESIAN_POINT('',(-1.638016501784,-2.848598549081,
    -6.85270833314));
#3043 = CARTESIAN_POINT('',(-1.108292516514,-3.066211971292,
    -6.817430555308));
#3044 = CARTESIAN_POINT('',(-5.90772168999E-06,-3.283825259446,
    -6.746874999736));
#3045 = CARTESIAN_POINT('',(1.108289565739,-3.066212323163,
    -6.676319444221));
#3046 = CARTESIAN_POINT('',(1.638022133079,-2.848599703982,
    -6.641041666468));
#3047 = CARTESIAN_POINT('',(2.118923291533,-2.528571843352,
    -6.605763888691));
#3048 = CARTESIAN_POINT('',(2.528577101571,-2.118917415808,
    -6.570486110895));
#3049 = CARTESIAN_POINT('',(2.84860181315,-1.638018483911,-6.5352083331)
  );
#3050 = CARTESIAN_POINT('',(3.066210424971,-1.108289789333,
    -6.499930555321));
#3051 = CARTESIAN_POINT('',(3.283819037334,5.761131192939E-08,
    -6.429374999774));
#3052 = CARTESIAN_POINT('',(3.066209726329,1.10828976738,-6.358819444227
    ));
#3053 = CARTESIAN_POINT('',(2.848601119031,1.638018244991,
    -6.323541666449));
#3054 = CARTESIAN_POINT('',(2.528578076763,2.118917533434,
    -6.288263888653));
#3055 = CARTESIAN_POINT('',(2.118925090891,2.528573356726,
    -6.252986110856));
#3056 = CARTESIAN_POINT('',(1.638022994713,2.848601751747,
    -6.217708333079));
#3057 = CARTESIAN_POINT('',(1.108289712506,3.066212449313,
    -6.182430555327));
#3058 = CARTESIAN_POINT('',(-5.941335066936E-06,3.283822390413,
    -6.11187499981));
#3059 = CARTESIAN_POINT('',(-1.108292369746,3.066210260081,
    -6.041319444239));
#3060 = CARTESIAN_POINT('',(-1.638017042428,2.848599386495,
    -6.006041666451));
#3061 = CARTESIAN_POINT('',(-2.118907470574,2.528575874695,
    -5.970763888541));
#3062 = CARTESIAN_POINT('',(-2.528566957052,2.118922258355,
    -5.935486110857));
#3063 = CARTESIAN_POINT('',(-2.848598155802,1.638018550033,
    -5.900208333039));
#3064 = CARTESIAN_POINT('',(-3.066228384829,1.108286179832,
    -5.864930555518));
#3065 = CARTESIAN_POINT('',(-3.175018357429,0.554145174003,
    -5.829652777543));
#3066 = CARTESIAN_POINT('',(-3.175019608626,1.696953124977E-11,
    -5.794374999731));
#3067 = CARTESIAN_POINT('',(-2.214390348044,-1.398856925627E-06,
    -7.619021973191));
#3068 = CARTESIAN_POINT('',(-2.214392326583,-0.386522098221,
    -7.583745877876));
#3069 = CARTESIAN_POINT('',(-2.138528057021,-0.772939600214,
    -7.548477890333));
#3070 = CARTESIAN_POINT('',(-1.986756378515,-1.142408166913,
    -7.513190083308));
#3071 = CARTESIAN_POINT('',(-1.763517491409,-1.477836849602,
    -7.477907371983));
#3072 = CARTESIAN_POINT('',(-1.477805295504,-1.763530237177,
    -7.442632127007));
#3073 = CARTESIAN_POINT('',(-1.142417765771,-1.986736569624,
    -7.407356876539));
#3074 = CARTESIAN_POINT('',(-0.772968842237,-2.138508656826,
    -7.372080847641));
#3075 = CARTESIAN_POINT('',(-4.523592825231E-06,-2.290281661125,
    -7.301526141623));
#3076 = CARTESIAN_POINT('',(0.772971706396,-2.138506782039,
    -7.230968474645));
#3077 = CARTESIAN_POINT('',(1.142432454878,-1.986732192432,
    -7.195689373593));
#3078 = CARTESIAN_POINT('',(1.477830224003,-1.763529615712,
    -7.160411508241));
#3079 = CARTESIAN_POINT('',(1.763536341573,-1.477822922795,
    -7.125134761493));
#3080 = CARTESIAN_POINT('',(1.98673509806,-1.142428489215,
    -7.089857902393));
#3081 = CARTESIAN_POINT('',(2.138505629075,-0.772971969672,
    -7.054580184811));
#3082 = CARTESIAN_POINT('',(2.290275194009,1.693838316941E-06,
    -6.984024170475));
#3083 = CARTESIAN_POINT('',(2.138503313754,0.772974902743,
    -6.913468156139));
#3084 = CARTESIAN_POINT('',(1.986732277314,1.142430825941,
    -6.878190438559));
#3085 = CARTESIAN_POINT('',(1.763536020059,1.477825582691,
    -6.842913579456));
#3086 = CARTESIAN_POINT('',(1.477830969461,1.763534357945,
    -6.807636832708));
#3087 = CARTESIAN_POINT('',(1.142431224354,1.986737417817,
    -6.772358967358));
#3088 = CARTESIAN_POINT('',(0.772968995047,2.138508080389,
    -6.737079866309));
#3089 = CARTESIAN_POINT('',(-7.766300597016E-06,2.290276564542,
    -6.666522199323));
#3090 = CARTESIAN_POINT('',(-0.772971553582,2.138504542746,
    -6.595967493305));
#3091 = CARTESIAN_POINT('',(-1.142421487306,1.986736469482,
    -6.560691464486));
#3092 = CARTESIAN_POINT('',(-1.477808172605,1.763534940437,
    -6.525416213719));
#3093 = CARTESIAN_POINT('',(-1.763534960198,1.477849611579,
    -6.490140969248));
#3094 = CARTESIAN_POINT('',(-1.986761281579,1.142393181175,
    -6.454858257456));
#3095 = CARTESIAN_POINT('',(-2.138504823435,0.772935755508,
    -6.41957045067));
#3096 = CARTESIAN_POINT('',(-2.214394223818,0.38651902074,
    -6.384302463077));
#3097 = CARTESIAN_POINT('',(-2.214396153546,-1.678623463129E-06,
    -6.349026367752));
#3098 = ADVANCED_FACE('',(#3099),#3144,.F.);
#3099 = FACE_BOUND('',#3100,.F.);
#3100 = EDGE_LOOP('',(#3101,#3137,#3138,#3139));
#3101 = ORIENTED_EDGE('',*,*,#3102,.F.);
#3102 = EDGE_CURVE('',#2416,#3103,#3105,.T.);
#3103 = VERTEX_POINT('',#3104);
#3104 = CARTESIAN_POINT('',(-3.175015251153,1.318332292619E-11,
    -5.635624999791));
#3105 = B_SPLINE_CURVE_WITH_KNOTS('',9,(#3106,#3107,#3108,#3109,#3110,
    #3111,#3112,#3113,#3114,#3115,#3116,#3117,#3118,#3119,#3120,#3121,
    #3122,#3123,#3124,#3125,#3126,#3127,#3128,#3129,#3130,#3131,#3132,
    #3133,#3134,#3135,#3136),.UNSPECIFIED.,.F.,.F.,(10,7,7,7,10),(0.,
    1.602562744566,3.205125489133,4.807688233699,6.410250978266),
  .UNSPECIFIED.);
#3106 = CARTESIAN_POINT('',(-3.175012709293,9.162004488417E-12,
    -6.905624999855));
#3107 = CARTESIAN_POINT('',(-3.175013682446,-0.554144476982,
    -6.870347222055));
#3108 = CARTESIAN_POINT('',(-3.066236690618,-1.108285222059,
    -6.835069444145));
#3109 = CARTESIAN_POINT('',(-2.848592913312,-1.638022606245,
    -6.79979166646));
#3110 = CARTESIAN_POINT('',(-2.528556062551,-2.118911980417,
    -6.764513888856));
#3111 = CARTESIAN_POINT('',(-2.118904591588,-2.528569312428,
    -6.729236110933));
#3112 = CARTESIAN_POINT('',(-1.638014501126,-2.848595058438,
    -6.693958333183));
#3113 = CARTESIAN_POINT('',(-1.108291105912,-3.066207923693,
    -6.658680555363));
#3114 = CARTESIAN_POINT('',(-5.911457455329E-06,-3.283820809432,
    -6.588124999795));
#3115 = CARTESIAN_POINT('',(1.108288187764,-3.066208479713,
    -6.517569444271));
#3116 = CARTESIAN_POINT('',(1.638020168112,-2.848596347808,
    -6.482291666512));
#3117 = CARTESIAN_POINT('',(2.118920825747,-2.528568830409,
    -6.447013888735));
#3118 = CARTESIAN_POINT('',(2.528574028826,-2.118914763164,
    -6.411736110943));
#3119 = CARTESIAN_POINT('',(2.848598152315,-1.638016396669,
    -6.376458333152));
#3120 = CARTESIAN_POINT('',(3.066206489875,-1.108288392624,
    -6.341180555373));
#3121 = CARTESIAN_POINT('',(3.283814906104,4.480879977496E-08,
    -6.270624999824));
#3122 = CARTESIAN_POINT('',(3.066205946487,1.108288375549,
    -6.200069444275));
#3123 = CARTESIAN_POINT('',(2.848597612445,1.638016210842,
    -6.164791666497));
#3124 = CARTESIAN_POINT('',(2.528574787309,2.118914854651,
    -6.129513888705));
#3125 = CARTESIAN_POINT('',(2.118922225247,2.528570007477,
    -6.094236110913));
#3126 = CARTESIAN_POINT('',(1.638020838272,2.848597940514,
    -6.058958333136));
#3127 = CARTESIAN_POINT('',(1.108288301916,3.06620857783,-6.023680555378
    ));
#3128 = CARTESIAN_POINT('',(-5.937601121093E-06,3.283818577961,
    -5.953124999852));
#3129 = CARTESIAN_POINT('',(-1.108290991759,3.066206592751,
    -5.882569444284));
#3130 = CARTESIAN_POINT('',(-1.638014921626,2.84859570976,
    -5.847291666499));
#3131 = CARTESIAN_POINT('',(-2.118904778175,2.52857227095,
    -5.812013888618));
#3132 = CARTESIAN_POINT('',(-2.528562811796,2.118918641181,
    -5.776736110914));
#3133 = CARTESIAN_POINT('',(-2.848594364851,1.638017253833,
    -5.741458333105));
#3134 = CARTESIAN_POINT('',(-3.066226047718,1.108284840006,
    -5.706180555526));
#3135 = CARTESIAN_POINT('',(-3.175014278,0.554144477004,-5.670902777595)
  );
#3136 = CARTESIAN_POINT('',(-3.175015251153,1.320232247983E-11,
    -5.635624999791));
#3137 = ORIENTED_EDGE('',*,*,#2452,.F.);
#3138 = ORIENTED_EDGE('',*,*,#3003,.T.);
#3139 = ORIENTED_EDGE('',*,*,#3140,.F.);
#3140 = EDGE_CURVE('',#3103,#3004,#3141,.T.);
#3141 = B_SPLINE_CURVE_WITH_KNOTS('',1,(#3142,#3143),.UNSPECIFIED.,.F.,
  .F.,(2,2),(0.,0.15875),.PIECEWISE_BEZIER_KNOTS.);
#3142 = CARTESIAN_POINT('',(-3.175015251153,1.320232247983E-11,
    -5.635624999791));
#3143 = CARTESIAN_POINT('',(-3.175019608626,1.696953124977E-11,
    -5.794374999731));
#3144 = B_SPLINE_SURFACE_WITH_KNOTS('',1,11,(
    (#3145,#3146,#3147,#3148,#3149,#3150,#3151,#3152,#3153,#3154,#3155
      ,#3156,#3157,#3158,#3159,#3160,#3161,#3162,#3163,#3164,#3165)
    ,(#3166,#3167,#3168,#3169,#3170,#3171,#3172,#3173,#3174,#3175,#3176
      ,#3177,#3178,#3179,#3180,#3181,#3182,#3183,#3184,#3185,#3186
  )),.UNSPECIFIED.,.F.,.F.,.F.,(2,2),(12,9,12),(0.,0.15875),(0.,
    3.205125489133,6.410250978266),.UNSPECIFIED.);
#3145 = CARTESIAN_POINT('',(-3.175012709293,9.162004488417E-12,
    -6.905624999855));
#3146 = CARTESIAN_POINT('',(-3.175014301725,-0.906781871431,
    -6.847897727091));
#3147 = CARTESIAN_POINT('',(-2.890215404025,-1.813553972043,
    -6.79017045404));
#3148 = CARTESIAN_POINT('',(-2.320250655966,-2.620943454994,
    -6.73244318217));
#3149 = CARTESIAN_POINT('',(-1.504878694029,-3.229296761293,
    -6.67471590904));
#3150 = CARTESIAN_POINT('',(-0.521562051084,-3.557113259444,
    -6.616988635389));
#3151 = CARTESIAN_POINT('',(0.521539696567,-3.556999816153,
    -6.559261364022));
#3152 = CARTESIAN_POINT('',(1.504822711383,-3.229382582796,
    -6.501534090596));
#3153 = CARTESIAN_POINT('',(2.320403943031,-2.620903205194,
    -6.443806818049));
#3154 = CARTESIAN_POINT('',(2.890141451634,-1.813562862022,
    -6.386079545268));
#3155 = CARTESIAN_POINT('',(3.459880117242,8.797064642923E-08,
    -6.270624999824));
#3156 = CARTESIAN_POINT('',(2.890140562453,1.813562758624,-6.15517045438
    ));
#3157 = CARTESIAN_POINT('',(2.320399850451,2.620907416276,
    -6.097443181644));
#3158 = CARTESIAN_POINT('',(1.504847141065,3.229357427078,
    -6.039715908841));
#3159 = CARTESIAN_POINT('',(0.521507259747,3.557082497333,
    -5.981988636095));
#3160 = CARTESIAN_POINT('',(-0.521557387296,3.556985582711,
    -5.924261363635));
#3161 = CARTESIAN_POINT('',(-1.50483611458,3.229383850259,
    -5.866534091126));
#3162 = CARTESIAN_POINT('',(-2.320310503462,2.620923599216,
    -5.808806817219));
#3163 = CARTESIAN_POINT('',(-2.890187247625,1.813552971721,
    -5.751079545665));
#3164 = CARTESIAN_POINT('',(-3.175013658721,0.906781871453,
    -5.693352272561));
#3165 = CARTESIAN_POINT('',(-3.175015251153,1.320232247983E-11,
    -5.635624999791));
#3166 = CARTESIAN_POINT('',(-3.17501634052,1.177902220206E-11,
    -7.064374999813));
#3167 = CARTESIAN_POINT('',(-3.175018387932,-0.906783011966,
    -7.00664772704));
#3168 = CARTESIAN_POINT('',(-2.890223062484,-1.813556397106,
    -6.948920453896));
#3169 = CARTESIAN_POINT('',(-2.320245024746,-2.620949588414,
    -6.891193182271));
#3170 = CARTESIAN_POINT('',(-1.504886671403,-3.229288382316,
    -6.833465909025));
#3171 = CARTESIAN_POINT('',(-0.521563371953,-3.557135975007,
    -6.775738635113));
#3172 = CARTESIAN_POINT('',(0.521544985614,-3.556992478454,
    -6.71801136413));
#3173 = CARTESIAN_POINT('',(1.504821114807,-3.229390239788,
    -6.660284090509));
#3174 = CARTESIAN_POINT('',(2.320407446874,-2.620905900738,
    -6.602556818009));
#3175 = CARTESIAN_POINT('',(2.890145214632,-1.813565158327,
    -6.544829545215));
#3176 = CARTESIAN_POINT('',(3.459884469968,1.131051581079E-07,
    -6.429374999774));
#3177 = CARTESIAN_POINT('',(2.8901440714,1.813565025386,-6.313920454333)
  );
#3178 = CARTESIAN_POINT('',(2.320402184985,2.620911314988,
    -6.256193181595));
#3179 = CARTESIAN_POINT('',(1.504852524397,3.229357896721,-6.19846590877
    ));
#3180 = CARTESIAN_POINT('',(0.521503281131,3.557098782829,
    -6.140738636019));
#3181 = CARTESIAN_POINT('',(-0.521557375655,3.556971819206,
    -6.083011363634));
#3182 = CARTESIAN_POINT('',(-1.504831926398,3.229400353845,
    -6.025284091189));
#3183 = CARTESIAN_POINT('',(-2.320321971526,2.620924059557,
    -5.967556816944));
#3184 = CARTESIAN_POINT('',(-2.890186861398,1.813555110978,
    -5.909829545725));
#3185 = CARTESIAN_POINT('',(-3.175017561213,0.906783011994,
    -5.852102272514));
#3186 = CARTESIAN_POINT('',(-3.175019608626,1.696953124977E-11,
    -5.794374999731));
#3187 = ADVANCED_FACE('',(#3188),#3262,.F.);
#3188 = FACE_BOUND('',#3189,.F.);
#3189 = EDGE_LOOP('',(#3190,#3195,#3260,#3261));
#3190 = ORIENTED_EDGE('',*,*,#3191,.F.);
#3191 = EDGE_CURVE('',#2623,#3103,#3192,.T.);
#3192 = B_SPLINE_CURVE_WITH_KNOTS('',1,(#3193,#3194),.UNSPECIFIED.,.F.,
  .F.,(2,2),(0.,1.10925),.PIECEWISE_BEZIER_KNOTS.);
#3193 = CARTESIAN_POINT('',(-2.214361348664,-1.678653552615E-06,
    -5.08102636823));
#3194 = CARTESIAN_POINT('',(-3.175015251153,1.320232247983E-11,
    -5.635624999791));
#3195 = ORIENTED_EDGE('',*,*,#3196,.F.);
#3196 = EDGE_CURVE('',#2407,#2623,#3197,.T.);
#3197 = B_SPLINE_CURVE_WITH_KNOTS('',7,(#3198,#3199,#3200,#3201,#3202,
    #3203,#3204,#3205,#3206,#3207,#3208,#3209,#3210,#3211,#3212,#3213,
    #3214,#3215,#3216,#3217,#3218,#3219,#3220,#3221,#3222,#3223,#3224,
    #3225,#3226,#3227,#3228,#3229,#3230,#3231,#3232,#3233,#3234,#3235,
    #3236,#3237,#3238,#3239,#3240,#3241,#3242,#3243,#3244,#3245,#3246,
    #3247,#3248,#3249,#3250,#3251,#3252,#3253,#3254,#3255,#3256,#3257,
    #3258,#3259),.UNSPECIFIED.,.F.,.F.,(8,6,6,6,6,6,6,6,6,6,8),(0.,
    0.14933383951,0.311783652919,0.357658046033,0.492170625728,
    0.638686866551,0.708211895191,0.820551167157,0.939000668508,
    0.974504995378,1.),.UNSPECIFIED.);
#3198 = CARTESIAN_POINT('',(0.34252729672,-2.52689148372,-6.20006225366)
  );
#3199 = CARTESIAN_POINT('',(0.589277828409,-2.49344373596,
    -6.180324460192));
#3200 = CARTESIAN_POINT('',(0.832300406013,-2.431873344874,
    -6.160580060717));
#3201 = CARTESIAN_POINT('',(1.067595585732,-2.342691010791,
    -6.140840237787));
#3202 = CARTESIAN_POINT('',(1.291456792941,-2.227128356207,
    -6.121103360553));
#3203 = CARTESIAN_POINT('',(1.500434694281,-2.086965956442,
    -6.101363555313));
#3204 = CARTESIAN_POINT('',(1.691378728081,-1.924512019703,
    -6.081619251466));
#3205 = CARTESIAN_POINT('',(2.04667949011,-1.54498567031,-6.040410607627
    ));
#3206 = CARTESIAN_POINT('',(2.207382011572,-1.324205109048,
    -6.018929873028));
#3207 = CARTESIAN_POINT('',(2.340056097701,-1.084165490216,
    -5.997457697318));
#3208 = CARTESIAN_POINT('',(2.442076327672,-0.82918042364,
    -5.975988365681));
#3209 = CARTESIAN_POINT('',(2.511593565486,-0.563871349463,
    -5.95451614027));
#3210 = CARTESIAN_POINT('',(2.547533112971,-0.293172488831,
    -5.93303533607));
#3211 = CARTESIAN_POINT('',(2.550571529813,5.418468619686E-02,
    -5.905500847319));
#3212 = CARTESIAN_POINT('',(2.548563664372,0.130698795062,
    -5.899437529888));
#3213 = CARTESIAN_POINT('',(2.543877894075,0.207123656844,
    -5.893374178854));
#3214 = CARTESIAN_POINT('',(2.536519136776,0.283346879755,
    -5.887310798682));
#3215 = CARTESIAN_POINT('',(2.526498187747,0.359256647156,
    -5.881247394303));
#3216 = CARTESIAN_POINT('',(2.51383171968,0.434741717551,-5.875183971124
    ));
#3217 = CARTESIAN_POINT('',(2.453710700781,0.729458439624,-5.85134136941
    ));
#3218 = CARTESIAN_POINT('',(2.386317010798,0.944673514708,
    -5.833558193377));
#3219 = CARTESIAN_POINT('',(2.296929186447,1.152467533239,
    -5.815777795162));
#3220 = CARTESIAN_POINT('',(2.186568694289,1.350178498822,
    -5.797999294038));
#3221 = CARTESIAN_POINT('',(2.056617636681,1.535330404168,
    -5.780219196321));
#3222 = CARTESIAN_POINT('',(1.908805687541,1.705656613621,
    -5.762436497083));
#3223 = CARTESIAN_POINT('',(1.567154931887,2.026377964045,
    -5.725292621489));
#3224 = CARTESIAN_POINT('',(1.370287335234,2.173730396693,
    -5.705921750975));
#3225 = CARTESIAN_POINT('',(1.157427143626,2.298602257574,
    -5.686555368777));
#3226 = CARTESIAN_POINT('',(0.931675748203,2.398997729995,
    -5.667191682741));
#3227 = CARTESIAN_POINT('',(0.696382792051,2.473427128089,
    -5.647825033951));
#3228 = CARTESIAN_POINT('',(0.455107554538,2.520924107734,
    -5.628453849558));
#3229 = CARTESIAN_POINT('',(9.611211528416E-02,2.55082272295,
    -5.599899191734));
#3230 = CARTESIAN_POINT('',(-1.992966237772E-02,2.554316867507,
    -5.590709752851));
#3231 = CARTESIAN_POINT('',(-0.136090449215,2.551650794953,
    -5.581520412484));
#3232 = CARTESIAN_POINT('',(-0.251978096783,2.542823121599,
    -5.572331152851));
#3233 = CARTESIAN_POINT('',(-0.367202373748,2.527863581388,
    -5.563141863616));
#3234 = CARTESIAN_POINT('',(-0.481375894191,2.506832947921,
    -5.553952525965));
#3235 = CARTESIAN_POINT('',(-0.776280152159,2.436179928461,-5.529915505)
  );
#3236 = CARTESIAN_POINT('',(-0.954724652588,2.376920215871,
    -5.515066201497));
#3237 = CARTESIAN_POINT('',(-1.127806243128,2.302431191916,
    -5.500218263945));
#3238 = CARTESIAN_POINT('',(-1.293979130337,2.213313035736,
    -5.485371221494));
#3239 = CARTESIAN_POINT('',(-1.451788236904,2.110346069961,
    -5.470523434219));
#3240 = CARTESIAN_POINT('',(-1.599878321347,1.994485887975,
    -5.455674258905));
#3241 = CARTESIAN_POINT('',(-1.881616847903,1.732346401168,
    -5.425170750033));
#3242 = CARTESIAN_POINT('',(-2.014077475746,1.584722010731,
    -5.409512728131));
#3243 = CARTESIAN_POINT('',(-2.132942680371,1.425357884519,
    -5.393855711024));
#3244 = CARTESIAN_POINT('',(-2.236992423837,1.25576855143,
    -5.378198944689));
#3245 = CARTESIAN_POINT('',(-2.325214437372,1.077604036743,
    -5.362540931637));
#3246 = CARTESIAN_POINT('',(-2.396811397233,0.892638069279,
    -5.346882070345));
#3247 = CARTESIAN_POINT('',(-2.46756064353,0.645869870811,
    -5.326533795476));
#3248 = CARTESIAN_POINT('',(-2.482335215201,0.588518945001,
    -5.321841239315));
#3249 = CARTESIAN_POINT('',(-2.495553993958,0.530776236084,
    -5.317148800922));
#3250 = CARTESIAN_POINT('',(-2.507204653502,0.472692413771,
    -5.312456487583));
#3251 = CARTESIAN_POINT('',(-2.517276946702,0.41431854727,
    -5.307764292339));
#3252 = CARTESIAN_POINT('',(-2.525762705596,0.355706105284,
    -5.30307219399));
#3253 = CARTESIAN_POINT('',(-2.537605675527,0.254684367541,
    -5.295010891629));
#3254 = CARTESIAN_POINT('',(-2.541734292664,0.212365466527,
    -5.291641655635));
#3255 = CARTESIAN_POINT('',(-2.545039442275,0.169969433815,
    -5.288272435168));
#3256 = CARTESIAN_POINT('',(-2.547519435121,0.127515487533,
    -5.284903208302));
#3257 = CARTESIAN_POINT('',(-2.54917314325,8.502288309708E-02,
    -5.281533945132));
#3258 = CARTESIAN_POINT('',(-2.550000000002,4.251091320674E-02,
    -5.278164607772));
#3259 = CARTESIAN_POINT('',(-2.550000000002,-1.092151541648E-06,
    -5.274795150357));
#3260 = ORIENTED_EDGE('',*,*,#2415,.F.);
#3261 = ORIENTED_EDGE('',*,*,#3102,.T.);
#3262 = B_SPLINE_SURFACE_WITH_KNOTS('',1,9,(
    (#3263,#3264,#3265,#3266,#3267,#3268,#3269,#3270,#3271,#3272,#3273
      ,#3274,#3275,#3276,#3277,#3278,#3279,#3280,#3281,#3282,#3283,#3284
      ,#3285,#3286,#3287,#3288,#3289,#3290,#3291,#3292,#3293)
    ,(#3294,#3295,#3296,#3297,#3298,#3299,#3300,#3301,#3302,#3303,#3304
      ,#3305,#3306,#3307,#3308,#3309,#3310,#3311,#3312,#3313,#3314,#3315
      ,#3316,#3317,#3318,#3319,#3320,#3321,#3322,#3323,#3324
  )),.UNSPECIFIED.,.F.,.F.,.F.,(2,2),(10,7,7,7,10),(0.,1.10925),(0.,
    1.602562744566,3.205125489133,4.807688233699,6.410250978266),
  .UNSPECIFIED.);
#3263 = CARTESIAN_POINT('',(-2.214361343978,-1.398877832237E-06,
    -6.351021973523));
#3264 = CARTESIAN_POINT('',(-2.214361101671,-0.386516531062,
    -6.315745878258));
#3265 = CARTESIAN_POINT('',(-2.138485101267,-0.772928026594,
    -6.280477891015));
#3266 = CARTESIAN_POINT('',(-1.986729411242,-1.142385598821,
    -6.24519008378));
#3267 = CARTESIAN_POINT('',(-1.763499784133,-1.477823158405,
    -6.209907372056));
#3268 = CARTESIAN_POINT('',(-1.477784216038,-1.763508204301,
    -6.174632127415));
#3269 = CARTESIAN_POINT('',(-1.142401785708,-1.986708688459,
    -6.139356876881));
#3270 = CARTESIAN_POINT('',(-0.772957575187,-2.138476327023,
    -6.104080848081));
#3271 = CARTESIAN_POINT('',(-4.553431712953E-06,-2.29024611707,
    -6.033526142092));
#3272 = CARTESIAN_POINT('',(0.772960699954,-2.138476082861,
    -5.962968475041));
#3273 = CARTESIAN_POINT('',(1.142416759903,-1.986705385324,
    -5.927689373946));
#3274 = CARTESIAN_POINT('',(1.477810528776,-1.763505550123,
    -5.892411508592));
#3275 = CARTESIAN_POINT('',(1.763511798325,-1.477801735061,
    -5.857134761877));
#3276 = CARTESIAN_POINT('',(1.986705857501,-1.142411817578,
    -5.821857902807));
#3277 = CARTESIAN_POINT('',(2.13847419788,-0.772960813591,
    -5.786580185228));
#3278 = CARTESIAN_POINT('',(2.290242196218,1.591579446476E-06,
    -5.716024170877));
#3279 = CARTESIAN_POINT('',(2.138473122633,0.772963785628,
    -5.645468156525));
#3280 = CARTESIAN_POINT('',(1.986704268799,1.142414578382,
    -5.610190438946));
#3281 = CARTESIAN_POINT('',(1.763509745868,1.477804186175,
    -5.574913579875));
#3282 = CARTESIAN_POINT('',(1.477808080412,1.763507606149,
    -5.539636833162));
#3283 = CARTESIAN_POINT('',(1.142413999998,1.986706975973,
    -5.504358967808));
#3284 = CARTESIAN_POINT('',(0.772957728097,2.138477157296,
    -5.469079866714));
#3285 = CARTESIAN_POINT('',(-7.736476370479E-06,2.290246112957,
    -5.398522199661));
#3286 = CARTESIAN_POINT('',(-0.772960547043,2.138475250306,
    -5.327967493671));
#3287 = CARTESIAN_POINT('',(-1.142404547612,1.986707101926,
    -5.29269146487));
#3288 = CARTESIAN_POINT('',(-1.477786667328,1.763506155876,
    -5.257416214337));
#3289 = CARTESIAN_POINT('',(-1.763501850369,1.477820719752,
    -5.222140969699));
#3290 = CARTESIAN_POINT('',(-1.986731001729,1.142382827904,
    -5.186858257979));
#3291 = CARTESIAN_POINT('',(-2.138486155999,0.772925053778,
    -5.151570450736));
#3292 = CARTESIAN_POINT('',(-2.214361639784,0.38651345353,
    -5.116302463494));
#3293 = CARTESIAN_POINT('',(-2.214361348664,-1.678653552615E-06,
    -5.08102636823));
#3294 = CARTESIAN_POINT('',(-3.175012709293,9.162004488417E-12,
    -6.905624999855));
#3295 = CARTESIAN_POINT('',(-3.175013682446,-0.554144476982,
    -6.870347222055));
#3296 = CARTESIAN_POINT('',(-3.066236690618,-1.108285222059,
    -6.835069444145));
#3297 = CARTESIAN_POINT('',(-2.848592913312,-1.638022606245,
    -6.79979166646));
#3298 = CARTESIAN_POINT('',(-2.528556062551,-2.118911980417,
    -6.764513888856));
#3299 = CARTESIAN_POINT('',(-2.118904591588,-2.528569312428,
    -6.729236110933));
#3300 = CARTESIAN_POINT('',(-1.638014501126,-2.848595058438,
    -6.693958333183));
#3301 = CARTESIAN_POINT('',(-1.108291105912,-3.066207923693,
    -6.658680555363));
#3302 = CARTESIAN_POINT('',(-5.911457455329E-06,-3.283820809432,
    -6.588124999795));
#3303 = CARTESIAN_POINT('',(1.108288187764,-3.066208479713,
    -6.517569444271));
#3304 = CARTESIAN_POINT('',(1.638020168112,-2.848596347808,
    -6.482291666512));
#3305 = CARTESIAN_POINT('',(2.118920825747,-2.528568830409,
    -6.447013888735));
#3306 = CARTESIAN_POINT('',(2.528574028826,-2.118914763164,
    -6.411736110943));
#3307 = CARTESIAN_POINT('',(2.848598152315,-1.638016396669,
    -6.376458333152));
#3308 = CARTESIAN_POINT('',(3.066206489875,-1.108288392624,
    -6.341180555373));
#3309 = CARTESIAN_POINT('',(3.283814906104,4.480879977496E-08,
    -6.270624999824));
#3310 = CARTESIAN_POINT('',(3.066205946487,1.108288375549,
    -6.200069444275));
#3311 = CARTESIAN_POINT('',(2.848597612445,1.638016210842,
    -6.164791666497));
#3312 = CARTESIAN_POINT('',(2.528574787309,2.118914854651,
    -6.129513888705));
#3313 = CARTESIAN_POINT('',(2.118922225247,2.528570007477,
    -6.094236110913));
#3314 = CARTESIAN_POINT('',(1.638020838272,2.848597940514,
    -6.058958333136));
#3315 = CARTESIAN_POINT('',(1.108288301916,3.06620857783,-6.023680555378
    ));
#3316 = CARTESIAN_POINT('',(-5.937601121093E-06,3.283818577961,
    -5.953124999852));
#3317 = CARTESIAN_POINT('',(-1.108290991759,3.066206592751,
    -5.882569444284));
#3318 = CARTESIAN_POINT('',(-1.638014921626,2.84859570976,
    -5.847291666499));
#3319 = CARTESIAN_POINT('',(-2.118904778175,2.52857227095,
    -5.812013888618));
#3320 = CARTESIAN_POINT('',(-2.528562811796,2.118918641181,
    -5.776736110914));
#3321 = CARTESIAN_POINT('',(-2.848594364851,1.638017253833,
    -5.741458333105));
#3322 = CARTESIAN_POINT('',(-3.066226047718,1.108284840006,
    -5.706180555526));
#3323 = CARTESIAN_POINT('',(-3.175014278,0.554144477004,-5.670902777595)
  );
#3324 = CARTESIAN_POINT('',(-3.175015251153,1.320232247983E-11,
    -5.635624999791));
#3325 = ADVANCED_FACE('',(#3326),#3433,.F.);
#3326 = FACE_BOUND('',#3327,.T.);
#3327 = EDGE_LOOP('',(#3328,#3329,#3330,#3431,#3432));
#3328 = ORIENTED_EDGE('',*,*,#2406,.T.);
#3329 = ORIENTED_EDGE('',*,*,#2978,.T.);
#3330 = ORIENTED_EDGE('',*,*,#3331,.T.);
#3331 = EDGE_CURVE('',#2979,#2714,#3332,.T.);
#3332 = B_SPLINE_CURVE_WITH_KNOTS('',7,(#3333,#3334,#3335,#3336,#3337,
    #3338,#3339,#3340,#3341,#3342,#3343,#3344,#3345,#3346,#3347,#3348,
    #3349,#3350,#3351,#3352,#3353,#3354,#3355,#3356,#3357,#3358,#3359,
    #3360,#3361,#3362,#3363,#3364,#3365,#3366,#3367,#3368,#3369,#3370,
    #3371,#3372,#3373,#3374,#3375,#3376,#3377,#3378,#3379,#3380,#3381,
    #3382,#3383,#3384,#3385,#3386,#3387,#3388,#3389,#3390,#3391,#3392,
    #3393,#3394,#3395,#3396,#3397,#3398,#3399,#3400,#3401,#3402,#3403,
    #3404,#3405,#3406,#3407,#3408,#3409,#3410,#3411,#3412,#3413,#3414,
    #3415,#3416,#3417,#3418,#3419,#3420,#3421,#3422,#3423,#3424,#3425,
    #3426,#3427,#3428,#3429,#3430),.UNSPECIFIED.,.F.,.F.,(8,6,6,6,6,6,6,
    6,6,6,6,6,6,6,6,6,8),(0.,1.900140408467E-02,4.729478635061E-02,
    0.135249314823,0.229060820353,0.244905265367,0.298908335254,
    0.351803561807,0.385805468182,0.501108576817,0.611451107199,
    0.636858664694,0.75253535014,0.825348928218,0.874080076596,
    0.961795005906,1.),.UNSPECIFIED.);
#3333 = CARTESIAN_POINT('',(-2.550000000002,-1.092172901007E-06,
    -6.15525311397));
#3334 = CARTESIAN_POINT('',(-2.550000000002,-4.349065618729E-02,
    -6.151806284188));
#3335 = CARTESIAN_POINT('',(-2.549134679454,-8.698017627131E-02,
    -6.148359641179));
#3336 = CARTESIAN_POINT('',(-2.547404043716,-0.130448965301,
    -6.144913113434));
#3337 = CARTESIAN_POINT('',(-2.544808713107,-0.173876373319,
    -6.141466642263));
#3338 = CARTESIAN_POINT('',(-2.541349922907,-0.217241787534,
    -6.138020181793));
#3339 = CARTESIAN_POINT('',(-2.537029523358,-0.260524632324,
    -6.134573698966));
#3340 = CARTESIAN_POINT('',(-2.524137559616,-0.367999660098,
    -6.125995244305));
#3341 = CARTESIAN_POINT('',(-2.51452025099,-0.432066497911,
    -6.120863208439));
#3342 = CARTESIAN_POINT('',(-2.503006218454,-0.49583695876,
    -6.115731004618));
#3343 = CARTESIAN_POINT('',(-2.489606592077,-0.559243740343,
    -6.110598596332));
#3344 = CARTESIAN_POINT('',(-2.474335467334,-0.622220161964,
    -6.105465971894));
#3345 = CARTESIAN_POINT('',(-2.4572099051,-0.684700164533,
    -6.100333144436));
#3346 = CARTESIAN_POINT('',(-2.379309805349,-0.939100824221,
    -6.079243419246));
#3347 = CARTESIAN_POINT('',(-2.30263345414,-1.126182685897,
    -6.063282723661));
#3348 = CARTESIAN_POINT('',(-2.208827404961,-1.305852207524,
    -6.047322799353));
#3349 = CARTESIAN_POINT('',(-2.098775192822,-1.476249229182,
    -6.031364402379));
#3350 = CARTESIAN_POINT('',(-1.973588745033,-1.635651952736,
    -6.015406030552));
#3351 = CARTESIAN_POINT('',(-1.83460016582,-1.782489790746,
    -5.99944679886));
#3352 = CARTESIAN_POINT('',(-1.522118706861,-2.057124106584,
    -5.966471594641));
#3353 = CARTESIAN_POINT('',(-1.346889616581,-2.183049630874,
    -5.949450327059));
#3354 = CARTESIAN_POINT('',(-1.15962002053,-2.291459663339,
    -5.932431754379));
#3355 = CARTESIAN_POINT('',(-0.96242316168,-2.38101821397,
    -5.915414522992));
#3356 = CARTESIAN_POINT('',(-0.757563585223,-2.450696864526,
    -5.89839540362));
#3357 = CARTESIAN_POINT('',(-0.547437798748,-2.499783520011,
    -5.881373559355));
#3358 = CARTESIAN_POINT('',(-0.298633906396,-2.532713640196,
    -5.861480058568));
#3359 = CARTESIAN_POINT('',(-0.262604692392,-2.536875331508,
    -5.858605590801));
#3360 = CARTESIAN_POINT('',(-0.226508412405,-2.540438990328,
    -5.855731114794));
#3361 = CARTESIAN_POINT('',(-0.190356980583,-2.54340334034,
    -5.852856631488));
#3362 = CARTESIAN_POINT('',(-0.154162334095,-2.545767402558,
    -5.849982141737));
#3363 = CARTESIAN_POINT('',(-0.11793643313,-2.547530495318,
    -5.84710764631));
#3364 = CARTESIAN_POINT('',(4.184418433323E-02,-2.552651822061,
    -5.834435904851));
#3365 = CARTESIAN_POINT('',(0.165606002888,-2.549625551167,
    -5.824638409375));
#3366 = CARTESIAN_POINT('',(0.289115924942,-2.539598328234,
    -5.814841026975));
#3367 = CARTESIAN_POINT('',(0.41189925717,-2.522595223909,
    -5.805043737265));
#3368 = CARTESIAN_POINT('',(0.533486179783,-2.498681294651,
    -5.795246386246));
#3369 = CARTESIAN_POINT('',(0.653413043551,-2.467961404529,
    -5.785448940605));
#3370 = CARTESIAN_POINT('',(0.886617469855,-2.393965547526,
    -5.76605552755));
#3371 = CARTESIAN_POINT('',(0.999985305813,-2.35095872865,
    -5.756459187812));
#3372 = CARTESIAN_POINT('',(1.110898770901,-2.301695745558,
    -5.746863034507));
#3373 = CARTESIAN_POINT('',(1.218944800953,-2.246346550813,
    -5.737267015032));
#3374 = CARTESIAN_POINT('',(1.323726715044,-2.185114357784,
    -5.727670950986));
#3375 = CARTESIAN_POINT('',(1.42486525909,-2.118235104063,
    -5.718074776702));
#3376 = CARTESIAN_POINT('',(1.584439205176,-1.999528183234,
    -5.702310314593));
#3377 = CARTESIAN_POINT('',(1.645225202852,-1.95085612139,
    -5.696141844884));
#3378 = CARTESIAN_POINT('',(1.704262216688,-1.900031756551,
    -5.689973365886));
#3379 = CARTESIAN_POINT('',(1.761459116309,-1.847130759474,
    -5.683804875571));
#3380 = CARTESIAN_POINT('',(1.816729066741,-1.792233444472,
    -5.677636372638));
#3381 = CARTESIAN_POINT('',(1.869989528419,-1.735424769411,
    -5.671467856513));
#3382 = CARTESIAN_POINT('',(2.094692959793,-1.477973975714,
    -5.644381365268));
#3383 = CARTESIAN_POINT('',(2.24429061721,-1.258118773198,
    -5.623454448957));
#3384 = CARTESIAN_POINT('',(2.366753687756,-1.020827803159,
    -5.602534387113));
#3385 = CARTESIAN_POINT('',(2.459770964521,-0.77015486271,
    -5.581616549154));
#3386 = CARTESIAN_POINT('',(2.521740958875,-0.510416446084,
    -5.560696277526));
#3387 = CARTESIAN_POINT('',(2.551770424529,-0.24619227923,
    -5.539769109485));
#3388 = CARTESIAN_POINT('',(2.548185512839,0.270238751329,
    -5.498833008331));
#3389 = CARTESIAN_POINT('',(2.517252127568,0.522664812165,
    -5.478808333259));
#3390 = CARTESIAN_POINT('',(2.457133799557,0.770766728517,
    -5.458789143345));
#3391 = CARTESIAN_POINT('',(2.368624405468,1.010547225694,
    -5.438773497746));
#3392 = CARTESIAN_POINT('',(2.253126444409,1.238206874191,
    -5.418754651353));
#3393 = CARTESIAN_POINT('',(2.112633561028,1.450191405515,
    -5.398730436722));
#3394 = CARTESIAN_POINT('',(1.912410947357,1.687768419495,-5.37410353983
    ));
#3395 = CARTESIAN_POINT('',(1.873753385387,1.73123735946,-5.36949424842)
  );
#3396 = CARTESIAN_POINT('',(1.833944672367,1.773671473774,
    -5.364884936837));
#3397 = CARTESIAN_POINT('',(1.793018124695,1.81503428754,-5.360275604262
    ));
#3398 = CARTESIAN_POINT('',(1.751008470882,1.855290703253,
    -5.355666251437));
#3399 = CARTESIAN_POINT('',(1.70795185155,1.894407000796,-5.351056880664
    ));
#3400 = CARTESIAN_POINT('',(1.463259980566,2.105103265809,
    -5.325461678389));
#3401 = CARTESIAN_POINT('',(1.241623559733,2.253627125399,
    -5.304466560458));
#3402 = CARTESIAN_POINT('',(1.002633250748,2.374712415546,
    -5.283478379263));
#3403 = CARTESIAN_POINT('',(0.750400077064,2.466055990236,
    -5.262492577138));
#3404 = CARTESIAN_POINT('',(0.489295054254,2.526074863509,
    -5.241504426071));
#3405 = CARTESIAN_POINT('',(0.223950784143,2.553905766941,
    -5.220509381312));
#3406 = CARTESIAN_POINT('',(-0.207398034074,2.547008638195,
    -5.186313871836));
#3407 = CARTESIAN_POINT('',(-0.373835753598,2.531639332871,
    -5.173103432539));
#3408 = CARTESIAN_POINT('',(-0.538898965114,2.50358101154,
    -5.159893777904));
#3409 = CARTESIAN_POINT('',(-0.701431578338,2.462990818379,
    -5.146684592713));
#3410 = CARTESIAN_POINT('',(-0.860305736535,2.41015043418,
    -5.133474993994));
#3411 = CARTESIAN_POINT('',(-1.014427266455,2.345464703027,
    -5.120264732965));
#3412 = CARTESIAN_POINT('',(-1.262007849291,2.218619130939,
    -5.098214791362));
#3413 = CARTESIAN_POINT('',(-1.358676984123,2.162696735248,
    -5.089374130064));
#3414 = CARTESIAN_POINT('',(-1.452439937119,2.101868558375,
    -5.080533528485));
#3415 = CARTESIAN_POINT('',(-1.542999062004,2.036317083193,
    -5.071692951261));
#3416 = CARTESIAN_POINT('',(-1.630072061708,1.966246643615,
    -5.062852287828));
#3417 = CARTESIAN_POINT('',(-1.713392600827,1.891882981211,
    -5.05401151039));
#3418 = CARTESIAN_POINT('',(-1.935482037236,1.672336309621,
    -5.029257816986));
#3419 = CARTESIAN_POINT('',(-2.065310227782,1.518066146677,
    -5.013342518513));
#3420 = CARTESIAN_POINT('',(-2.180707133076,1.352121104854,
    -4.99742882235));
#3421 = CARTESIAN_POINT('',(-2.280444307863,1.176133076421,
    -4.981516291517));
#3422 = CARTESIAN_POINT('',(-2.363519458139,0.991870791772,
    -4.965602803953));
#3423 = CARTESIAN_POINT('',(-2.429163831686,0.801226661826,
    -4.949687587505));
#3424 = CARTESIAN_POINT('',(-2.497678634332,0.521292820601,
    -4.926843635858));
#3425 = CARTESIAN_POINT('',(-2.515068763401,0.435526751414,
    -4.919912622643));
#3426 = CARTESIAN_POINT('',(-2.52902105844,0.349092614568,
    -4.912981619566));
#3427 = CARTESIAN_POINT('',(-2.539505427467,0.262155694991,
    -4.906050661639));
#3428 = CARTESIAN_POINT('',(-2.546501774587,0.174882465522,
    -4.899119811806));
#3429 = CARTESIAN_POINT('',(-2.550000000002,8.744058691331E-02,
    -4.89218916094));
#3430 = CARTESIAN_POINT('',(-2.550000000002,-1.092172879247E-06,
    -4.885258827845));
#3431 = ORIENTED_EDGE('',*,*,#2713,.F.);
#3432 = ORIENTED_EDGE('',*,*,#3196,.F.);
#3433 = CYLINDRICAL_SURFACE('',#3434,2.55);
#3434 = AXIS2_PLACEMENT_3D('',#3435,#3436,#3437);
#3435 = CARTESIAN_POINT('',(0.,0.,-6.2));
#3436 = DIRECTION('',(0.,0.,1.));
#3437 = DIRECTION('',(-1.,0.,0.));
#3438 = ADVANCED_FACE('',(#3439),#3478,.F.);
#3439 = FACE_BOUND('',#3440,.F.);
#3440 = EDGE_LOOP('',(#3441,#3442,#3443,#3477));
#3441 = ORIENTED_EDGE('',*,*,#2622,.F.);
#3442 = ORIENTED_EDGE('',*,*,#3191,.T.);
#3443 = ORIENTED_EDGE('',*,*,#3444,.T.);
#3444 = EDGE_CURVE('',#3103,#2515,#3445,.T.);
#3445 = B_SPLINE_CURVE_WITH_KNOTS('',9,(#3446,#3447,#3448,#3449,#3450,
    #3451,#3452,#3453,#3454,#3455,#3456,#3457,#3458,#3459,#3460,#3461,
    #3462,#3463,#3464,#3465,#3466,#3467,#3468,#3469,#3470,#3471,#3472,
    #3473,#3474,#3475,#3476),.UNSPECIFIED.,.F.,.F.,(10,7,7,7,10),(0.,
    1.602562744566,3.205125489133,4.807688233699,6.410250978266),
  .UNSPECIFIED.);
#3446 = CARTESIAN_POINT('',(-3.175015251154,1.318056774835E-11,
    -5.635624999791));
#3447 = CARTESIAN_POINT('',(-3.175016224307,-0.554144920521,
    -5.600347221987));
#3448 = CARTESIAN_POINT('',(-3.066239145409,-1.108286109404,
    -5.56506944405));
#3449 = CARTESIAN_POINT('',(-2.84859519378,-1.638023917679,
    -5.529791666393));
#3450 = CARTESIAN_POINT('',(-2.528558086878,-2.118913676729,
    -5.4945138888));
#3451 = CARTESIAN_POINT('',(-2.118906287974,-2.528571336761,
    -5.459236110872));
#3452 = CARTESIAN_POINT('',(-1.638015812504,-2.848597338966,
    -5.423958333115));
#3453 = CARTESIAN_POINT('',(-1.108291993195,-3.066210378443,
    -5.38868055529));
#3454 = CARTESIAN_POINT('',(-5.911461417295E-06,-3.2838234384,
    -5.318124999719));
#3455 = CARTESIAN_POINT('',(1.108289075031,-3.066210934467,
    -5.247569444202));
#3456 = CARTESIAN_POINT('',(1.638021479466,-2.84859862835,
    -5.212291666446));
#3457 = CARTESIAN_POINT('',(2.118922522108,-2.528570854746,
    -5.17701388867));
#3458 = CARTESIAN_POINT('',(2.528576053161,-2.118916459532,
    -5.141736110874));
#3459 = CARTESIAN_POINT('',(2.848600432856,-1.638017708025,
    -5.106458333081));
#3460 = CARTESIAN_POINT('',(3.066208944628,-1.108289279891,
    -5.071180555302));
#3461 = CARTESIAN_POINT('',(3.28381753507,4.480425978441E-08,
    -5.000624999754));
#3462 = CARTESIAN_POINT('',(3.066208401243,1.108289262808,
    -4.930069444207));
#3463 = CARTESIAN_POINT('',(2.848599892991,1.638017522191,
    -4.894791666428));
#3464 = CARTESIAN_POINT('',(2.528576811649,2.118916551011,
    -4.859513888634));
#3465 = CARTESIAN_POINT('',(2.118923921615,2.52857203181,-4.824236110838
    ));
#3466 = CARTESIAN_POINT('',(1.638022149633,2.848600221051,
    -4.788958333062));
#3467 = CARTESIAN_POINT('',(1.108289189191,3.066211032581,
    -4.753680555308));
#3468 = CARTESIAN_POINT('',(-5.937596047321E-06,3.283821206929,
    -4.683124999787));
#3469 = CARTESIAN_POINT('',(-1.108291879033,3.066209047504,
    -4.612569444218));
#3470 = CARTESIAN_POINT('',(-1.638016232997,2.848597990293,
    -4.577291666426));
#3471 = CARTESIAN_POINT('',(-2.118906474554,2.528574295288,
    -4.542013888541));
#3472 = CARTESIAN_POINT('',(-2.528564836117,2.118920337501,
    -4.506736110828));
#3473 = CARTESIAN_POINT('',(-2.848596645315,1.638018565274,
    -4.471458333033));
#3474 = CARTESIAN_POINT('',(-3.066228502507,1.108285727359,
    -4.436180555481));
#3475 = CARTESIAN_POINT('',(-3.17501681986,0.554144920552,
    -4.400902777524));
#3476 = CARTESIAN_POINT('',(-3.175017793013,1.795998798967E-11,
    -4.365624999715));
#3477 = ORIENTED_EDGE('',*,*,#2514,.F.);
#3478 = B_SPLINE_SURFACE_WITH_KNOTS('',1,9,(
    (#3479,#3480,#3481,#3482,#3483,#3484,#3485,#3486,#3487,#3488,#3489
      ,#3490,#3491,#3492,#3493,#3494,#3495,#3496,#3497,#3498,#3499,#3500
      ,#3501,#3502,#3503,#3504,#3505,#3506,#3507,#3508,#3509)
    ,(#3510,#3511,#3512,#3513,#3514,#3515,#3516,#3517,#3518,#3519,#3520
      ,#3521,#3522,#3523,#3524,#3525,#3526,#3527,#3528,#3529,#3530,#3531
      ,#3532,#3533,#3534,#3535,#3536,#3537,#3538,#3539,#3540
  )),.UNSPECIFIED.,.F.,.F.,.F.,(2,2),(10,7,7,7,10),(0.,1.10925),(0.,
    1.602562744566,3.205125489133,4.807688233699,6.410250978266),
  .UNSPECIFIED.);
#3479 = CARTESIAN_POINT('',(-2.214361348664,-1.678653574588E-06,
    -5.08102636823));
#3480 = CARTESIAN_POINT('',(-2.214361057545,-0.386516811657,
    -5.045750272965));
#3481 = CARTESIAN_POINT('',(-2.138485008177,-0.772928298427,
    -5.010482285722));
#3482 = CARTESIAN_POINT('',(-1.986729271103,-1.14238585227,
    -4.975194478489));
#3483 = CARTESIAN_POINT('',(-1.763499601137,-1.477823384325,
    -4.939911766762));
#3484 = CARTESIAN_POINT('',(-1.477783996358,-1.763508394746,
    -4.904636522123));
#3485 = CARTESIAN_POINT('',(-1.142401537117,-1.986708837009,
    -4.869361271587));
#3486 = CARTESIAN_POINT('',(-0.772957306639,-2.138476429224,
    -4.834085242788));
#3487 = CARTESIAN_POINT('',(-4.264068173343E-06,-2.290246121936,
    -4.763530536799));
#3488 = CARTESIAN_POINT('',(0.772960971781,-2.138475989735,
    -4.692972869748));
#3489 = CARTESIAN_POINT('',(1.142417013336,-1.986705245194,
    -4.657693768653));
#3490 = CARTESIAN_POINT('',(1.477810754717,-1.763505367143,
    -4.622415903299));
#3491 = CARTESIAN_POINT('',(1.763511988776,-1.477801515381,
    -4.587139156584));
#3492 = CARTESIAN_POINT('',(1.986706006053,-1.142411568988,
    -4.551862297514));
#3493 = CARTESIAN_POINT('',(2.138474300076,-0.772960545042,
    -4.516584579935));
#3494 = CARTESIAN_POINT('',(2.290242201075,1.880943007658E-06,
    -4.446028565583));
#3495 = CARTESIAN_POINT('',(2.138473029508,0.772964057456,
    -4.375472551232));
#3496 = CARTESIAN_POINT('',(1.986704128673,1.142414831817,
    -4.340194833652));
#3497 = CARTESIAN_POINT('',(1.763509562896,1.477804412123,
    -4.304917974583));
#3498 = CARTESIAN_POINT('',(1.477807860739,1.763507796608,
    -4.269641227867));
#3499 = CARTESIAN_POINT('',(1.14241375141,1.98670712453,-4.234363362516)
  );
#3500 = CARTESIAN_POINT('',(0.772957459549,2.138477259491,
    -4.199084261421));
#3501 = CARTESIAN_POINT('',(-8.025839969869E-06,2.290246117806,
    -4.128526594368));
#3502 = CARTESIAN_POINT('',(-0.772960818869,2.138475157175,
    -4.057971888377));
#3503 = CARTESIAN_POINT('',(-1.142404801048,1.986706961803,
    -4.022695859577));
#3504 = CARTESIAN_POINT('',(-1.477786893276,1.76350597291,
    -3.987420609043));
#3505 = CARTESIAN_POINT('',(-1.763502040845,1.477820500102,
    -3.952145364407));
#3506 = CARTESIAN_POINT('',(-1.986731150293,1.1423825793,-3.916862652685
    ));
#3507 = CARTESIAN_POINT('',(-2.13848625816,0.772924785224,
    -3.881574845444));
#3508 = CARTESIAN_POINT('',(-2.214361693301,0.386513174574,-3.8463068582
    ));
#3509 = CARTESIAN_POINT('',(-2.21436135337,-1.958429204605E-06,
    -3.811030762936));
#3510 = CARTESIAN_POINT('',(-3.175015251154,1.318056774835E-11,
    -5.635624999791));
#3511 = CARTESIAN_POINT('',(-3.175016224307,-0.554144920521,
    -5.600347221987));
#3512 = CARTESIAN_POINT('',(-3.066239145409,-1.108286109404,
    -5.56506944405));
#3513 = CARTESIAN_POINT('',(-2.84859519378,-1.638023917679,
    -5.529791666393));
#3514 = CARTESIAN_POINT('',(-2.528558086878,-2.118913676729,
    -5.4945138888));
#3515 = CARTESIAN_POINT('',(-2.118906287974,-2.528571336761,
    -5.459236110872));
#3516 = CARTESIAN_POINT('',(-1.638015812504,-2.848597338966,
    -5.423958333115));
#3517 = CARTESIAN_POINT('',(-1.108291993195,-3.066210378443,
    -5.38868055529));
#3518 = CARTESIAN_POINT('',(-5.911461417295E-06,-3.2838234384,
    -5.318124999719));
#3519 = CARTESIAN_POINT('',(1.108289075031,-3.066210934467,
    -5.247569444202));
#3520 = CARTESIAN_POINT('',(1.638021479466,-2.84859862835,
    -5.212291666446));
#3521 = CARTESIAN_POINT('',(2.118922522108,-2.528570854746,
    -5.17701388867));
#3522 = CARTESIAN_POINT('',(2.528576053161,-2.118916459532,
    -5.141736110874));
#3523 = CARTESIAN_POINT('',(2.848600432856,-1.638017708025,
    -5.106458333081));
#3524 = CARTESIAN_POINT('',(3.066208944628,-1.108289279891,
    -5.071180555302));
#3525 = CARTESIAN_POINT('',(3.28381753507,4.480425978441E-08,
    -5.000624999754));
#3526 = CARTESIAN_POINT('',(3.066208401243,1.108289262808,
    -4.930069444207));
#3527 = CARTESIAN_POINT('',(2.848599892991,1.638017522191,
    -4.894791666428));
#3528 = CARTESIAN_POINT('',(2.528576811649,2.118916551011,
    -4.859513888634));
#3529 = CARTESIAN_POINT('',(2.118923921615,2.52857203181,-4.824236110838
    ));
#3530 = CARTESIAN_POINT('',(1.638022149633,2.848600221051,
    -4.788958333062));
#3531 = CARTESIAN_POINT('',(1.108289189191,3.066211032581,
    -4.753680555308));
#3532 = CARTESIAN_POINT('',(-5.937596047321E-06,3.283821206929,
    -4.683124999787));
#3533 = CARTESIAN_POINT('',(-1.108291879033,3.066209047504,
    -4.612569444218));
#3534 = CARTESIAN_POINT('',(-1.638016232997,2.848597990293,
    -4.577291666426));
#3535 = CARTESIAN_POINT('',(-2.118906474554,2.528574295288,
    -4.542013888541));
#3536 = CARTESIAN_POINT('',(-2.528564836117,2.118920337501,
    -4.506736110828));
#3537 = CARTESIAN_POINT('',(-2.848596645315,1.638018565274,
    -4.471458333033));
#3538 = CARTESIAN_POINT('',(-3.066228502507,1.108285727359,
    -4.436180555481));
#3539 = CARTESIAN_POINT('',(-3.17501681986,0.554144920552,
    -4.400902777524));
#3540 = CARTESIAN_POINT('',(-3.175017793013,1.795998798967E-11,
    -4.365624999715));
#3541 = ADVANCED_FACE('',(#3542),#3571,.F.);
#3542 = FACE_BOUND('',#3543,.F.);
#3543 = EDGE_LOOP('',(#3544,#3545,#3546,#3570));
#3544 = ORIENTED_EDGE('',*,*,#3444,.F.);
#3545 = ORIENTED_EDGE('',*,*,#3140,.T.);
#3546 = ORIENTED_EDGE('',*,*,#3547,.T.);
#3547 = EDGE_CURVE('',#3004,#2827,#3548,.T.);
#3548 = B_SPLINE_CURVE_WITH_KNOTS('',11,(#3549,#3550,#3551,#3552,#3553,
    #3554,#3555,#3556,#3557,#3558,#3559,#3560,#3561,#3562,#3563,#3564,
    #3565,#3566,#3567,#3568,#3569),.UNSPECIFIED.,.F.,.F.,(12,9,12),(0.,
    3.205125489133,6.410250978266),.UNSPECIFIED.);
#3549 = CARTESIAN_POINT('',(-3.175019608626,1.694866469393E-11,
    -5.794374999731));
#3550 = CARTESIAN_POINT('',(-3.175021656039,-0.906783945128,
    -5.736647726948));
#3551 = CARTESIAN_POINT('',(-2.890226037492,-1.813558264324,
    -5.678920453722));
#3552 = CARTESIAN_POINT('',(-2.320247412552,-2.620952285859,
    -5.621193182335));
#3553 = CARTESIAN_POINT('',(-1.504888221533,-3.229291706018,
    -5.563465908905));
#3554 = CARTESIAN_POINT('',(-0.521563907554,-3.557139637214,
    -5.505738634907));
#3555 = CARTESIAN_POINT('',(0.521545521694,-3.556996138918,
    -5.448011364118));
#3556 = CARTESIAN_POINT('',(1.504822663929,-3.229393564327,
    -5.39028409041));
#3557 = CARTESIAN_POINT('',(2.320409835297,-2.620908598393,
    -5.332556817925));
#3558 = CARTESIAN_POINT('',(2.890148189517,-1.813567025042,
    -5.274829545122));
#3559 = CARTESIAN_POINT('',(3.459888031292,1.130991564214E-07,
    -5.159374999684));
#3560 = CARTESIAN_POINT('',(2.890147046291,1.813566892091,
    -5.043920454246));
#3561 = CARTESIAN_POINT('',(2.320404573418,2.620914012636,
    -4.986193181499));
#3562 = CARTESIAN_POINT('',(1.504854073532,3.229361221251,
    -4.928465908691));
#3563 = CARTESIAN_POINT('',(0.521503817222,3.557102443298,
    -4.870738635848));
#3564 = CARTESIAN_POINT('',(-0.52155791124,3.556975481407,
    -4.813011363664));
#3565 = CARTESIAN_POINT('',(-1.504833476519,3.229403677558,
    -4.755284091126));
#3566 = CARTESIAN_POINT('',(-2.320324359322,2.620926757007,
    -4.697556816703));
#3567 = CARTESIAN_POINT('',(-2.890189836401,1.813556978207,
    -4.639829545718));
#3568 = CARTESIAN_POINT('',(-3.175020829317,0.906783945168,
    -4.582102272427));
#3569 = CARTESIAN_POINT('',(-3.175022876731,2.308088463499E-11,
    -4.524374999634));
#3570 = ORIENTED_EDGE('',*,*,#2826,.F.);
#3571 = B_SPLINE_SURFACE_WITH_KNOTS('',1,11,(
    (#3572,#3573,#3574,#3575,#3576,#3577,#3578,#3579,#3580,#3581,#3582
      ,#3583,#3584,#3585,#3586,#3587,#3588,#3589,#3590,#3591,#3592)
    ,(#3593,#3594,#3595,#3596,#3597,#3598,#3599,#3600,#3601,#3602,#3603
      ,#3604,#3605,#3606,#3607,#3608,#3609,#3610,#3611,#3612,#3613
  )),.UNSPECIFIED.,.F.,.F.,.F.,(2,2),(12,9,12),(0.,0.15875),(0.,
    3.205125489133,6.410250978266),.UNSPECIFIED.);
#3572 = CARTESIAN_POINT('',(-3.175015251154,1.317967956993E-11,
    -5.635624999791));
#3573 = CARTESIAN_POINT('',(-3.175016843586,-0.906782597224,
    -5.57789772702));
#3574 = CARTESIAN_POINT('',(-2.89021771792,-1.813555424323,
    -5.520170453905));
#3575 = CARTESIAN_POINT('',(-2.320252513149,-2.620945553006,
    -5.462443182221));
#3576 = CARTESIAN_POINT('',(-1.504879899685,-3.229299346395,
    -5.404715908944));
#3577 = CARTESIAN_POINT('',(-0.521562467663,-3.557116107827,
    -5.346988635234));
#3578 = CARTESIAN_POINT('',(0.521540113519,-3.557002663181,
    -5.289261364008));
#3579 = CARTESIAN_POINT('',(1.504823916255,-3.229385168548,
    -5.231534090523));
#3580 = CARTESIAN_POINT('',(2.320405800694,-2.62090530337,
    -5.173806817981));
#3581 = CARTESIAN_POINT('',(2.890143765433,-1.813564313912,
    -5.116079545196));
#3582 = CARTESIAN_POINT('',(3.45988288716,8.796593258345E-08,
    -5.000624999754));
#3583 = CARTESIAN_POINT('',(2.890142876257,1.813564210505,
    -4.885170454313));
#3584 = CARTESIAN_POINT('',(2.320401708121,2.620909514447,
    -4.827443181569));
#3585 = CARTESIAN_POINT('',(1.504848345947,3.229360012823,
    -4.769715908782));
#3586 = CARTESIAN_POINT('',(0.521507676706,3.557085344364,
    -4.711988635959));
#3587 = CARTESIAN_POINT('',(-0.521557803862,3.55698843109,
    -4.654261363661));
#3588 = CARTESIAN_POINT('',(-1.50483732023,3.229386435369,
    -4.596534091075));
#3589 = CARTESIAN_POINT('',(-2.320312360636,2.620925697234,
    -4.538806817033));
#3590 = CARTESIAN_POINT('',(-2.890189561516,1.81355442401,
    -4.481079545659));
#3591 = CARTESIAN_POINT('',(-3.17501620058,0.906782597255,
    -4.423352272494));
#3592 = CARTESIAN_POINT('',(-3.175017793013,1.796009196444E-11,
    -4.365624999715));
#3593 = CARTESIAN_POINT('',(-3.175019608626,1.694866469393E-11,
    -5.794374999731));
#3594 = CARTESIAN_POINT('',(-3.175021656039,-0.906783945128,
    -5.736647726948));
#3595 = CARTESIAN_POINT('',(-2.890226037492,-1.813558264324,
    -5.678920453722));
#3596 = CARTESIAN_POINT('',(-2.320247412552,-2.620952285859,
    -5.621193182335));
#3597 = CARTESIAN_POINT('',(-1.504888221533,-3.229291706018,
    -5.563465908905));
#3598 = CARTESIAN_POINT('',(-0.521563907554,-3.557139637214,
    -5.505738634907));
#3599 = CARTESIAN_POINT('',(0.521545521694,-3.556996138918,
    -5.448011364118));
#3600 = CARTESIAN_POINT('',(1.504822663929,-3.229393564327,
    -5.39028409041));
#3601 = CARTESIAN_POINT('',(2.320409835297,-2.620908598393,
    -5.332556817925));
#3602 = CARTESIAN_POINT('',(2.890148189517,-1.813567025042,
    -5.274829545122));
#3603 = CARTESIAN_POINT('',(3.459888031292,1.130991564214E-07,
    -5.159374999684));
#3604 = CARTESIAN_POINT('',(2.890147046291,1.813566892091,
    -5.043920454246));
#3605 = CARTESIAN_POINT('',(2.320404573418,2.620914012636,
    -4.986193181499));
#3606 = CARTESIAN_POINT('',(1.504854073532,3.229361221251,
    -4.928465908691));
#3607 = CARTESIAN_POINT('',(0.521503817222,3.557102443298,
    -4.870738635848));
#3608 = CARTESIAN_POINT('',(-0.52155791124,3.556975481407,
    -4.813011363664));
#3609 = CARTESIAN_POINT('',(-1.504833476519,3.229403677558,
    -4.755284091126));
#3610 = CARTESIAN_POINT('',(-2.320324359322,2.620926757007,
    -4.697556816703));
#3611 = CARTESIAN_POINT('',(-2.890189836401,1.813556978207,
    -4.639829545718));
#3612 = CARTESIAN_POINT('',(-3.175020829317,0.906783945168,
    -4.582102272427));
#3613 = CARTESIAN_POINT('',(-3.175022876731,2.308088463499E-11,
    -4.524374999634));
#3614 = ADVANCED_FACE('',(#3615),#3621,.F.);
#3615 = FACE_BOUND('',#3616,.F.);
#3616 = EDGE_LOOP('',(#3617,#3618,#3619,#3620));
#3617 = ORIENTED_EDGE('',*,*,#3547,.F.);
#3618 = ORIENTED_EDGE('',*,*,#3031,.T.);
#3619 = ORIENTED_EDGE('',*,*,#3331,.T.);
#3620 = ORIENTED_EDGE('',*,*,#2905,.F.);
#3621 = B_SPLINE_SURFACE_WITH_KNOTS('',1,9,(
    (#3622,#3623,#3624,#3625,#3626,#3627,#3628,#3629,#3630,#3631,#3632
      ,#3633,#3634,#3635,#3636,#3637,#3638,#3639,#3640,#3641,#3642,#3643
      ,#3644,#3645,#3646,#3647,#3648,#3649,#3650,#3651,#3652)
    ,(#3653,#3654,#3655,#3656,#3657,#3658,#3659,#3660,#3661,#3662,#3663
      ,#3664,#3665,#3666,#3667,#3668,#3669,#3670,#3671,#3672,#3673,#3674
      ,#3675,#3676,#3677,#3678,#3679,#3680,#3681,#3682,#3683
  )),.UNSPECIFIED.,.F.,.F.,.F.,(2,2),(10,7,7,7,10),(0.,1.10925),(0.,
    1.602562744566,3.205125489133,4.807688233699,6.410250978266),
  .UNSPECIFIED.);
#3622 = CARTESIAN_POINT('',(-3.175019608626,1.694822060472E-11,
    -5.794374999731));
#3623 = CARTESIAN_POINT('',(-3.175020859823,-0.554145744238,
    -5.759097221919));
#3624 = CARTESIAN_POINT('',(-3.066245224716,-1.108287811916,
    -5.723819443938));
#3625 = CARTESIAN_POINT('',(-2.848599221569,-1.638027117835,
    -5.688541666315));
#3626 = CARTESIAN_POINT('',(-2.528560882158,-2.118915875489,
    -5.653263888776));
#3627 = CARTESIAN_POINT('',(-2.118909411746,-2.528574673596,
    -5.617986110804));
#3628 = CARTESIAN_POINT('',(-1.638018187842,-2.848601481188,
    -5.582708333052));
#3629 = CARTESIAN_POINT('',(-1.108293657307,-3.0662151274,
    -5.547430555215));
#3630 = CARTESIAN_POINT('',(-5.907726808032E-06,-3.283828639548,
    -5.476874999639));
#3631 = CARTESIAN_POINT('',(1.108290706511,-3.066215479275,
    -5.406319444132));
#3632 = CARTESIAN_POINT('',(1.638023819105,-2.848602636107,
    -5.371041666383));
#3633 = CARTESIAN_POINT('',(2.118925472569,-2.528574446072,
    -5.335763888607));
#3634 = CARTESIAN_POINT('',(2.528579704287,-2.118919596853,
    -5.300486110806));
#3635 = CARTESIAN_POINT('',(2.848604745275,-1.63802016994,
    -5.265208333009));
#3636 = CARTESIAN_POINT('',(3.066213581082,-1.108290930106,
    -5.22993055523));
#3637 = CARTESIAN_POINT('',(3.283822417432,5.760548951222E-08,
    -5.159374999684));
#3638 = CARTESIAN_POINT('',(3.066212882444,1.108290908142,
    -5.088819444139));
#3639 = CARTESIAN_POINT('',(2.848604051163,1.63801993101,-5.05354166636)
  );
#3640 = CARTESIAN_POINT('',(2.528580679486,2.118919714468,
    -5.018263888562));
#3641 = CARTESIAN_POINT('',(2.118927271936,2.528575959439,-4.98298611076
    ));
#3642 = CARTESIAN_POINT('',(1.638024680748,2.848604683866,
    -4.947708332985));
#3643 = CARTESIAN_POINT('',(1.108290853289,3.066215605422,
    -4.912430555237));
#3644 = CARTESIAN_POINT('',(-5.941328512546E-06,3.283825770515,
    -4.841874999727));
#3645 = CARTESIAN_POINT('',(-1.108293510528,3.066213416192,
    -4.771319444153));
#3646 = CARTESIAN_POINT('',(-1.638018728476,2.848602318608,
    -4.736041666358));
#3647 = CARTESIAN_POINT('',(-2.118909651634,2.528578477416,
    -4.700763888441));
#3648 = CARTESIAN_POINT('',(-2.528569559751,2.118924439339,
    -4.665486110748));
#3649 = CARTESIAN_POINT('',(-2.848601087827,1.638020236172,
    -4.630208332947));
#3650 = CARTESIAN_POINT('',(-3.066231540985,1.108287320715,
    -4.59493055546));
#3651 = CARTESIAN_POINT('',(-3.175021625534,0.554145744278,
    -4.559652777452));
#3652 = CARTESIAN_POINT('',(-3.175022876731,2.308078065611E-11,
    -4.524374999634));
#3653 = CARTESIAN_POINT('',(-2.214396153546,-1.678623484436E-06,
    -6.349026367752));
#3654 = CARTESIAN_POINT('',(-2.214398083274,-0.386523391022,
    -6.313750272427));
#3655 = CARTESIAN_POINT('',(-2.138533566045,-0.77294189707,
    -6.278482284824));
#3656 = CARTESIAN_POINT('',(-1.986761442667,-1.142411413205,
    -6.243194477862));
#3657 = CARTESIAN_POINT('',(-1.763521928159,-1.4778409467,
    -6.207911766564));
#3658 = CARTESIAN_POINT('',(-1.477808947173,-1.763535047384,
    -6.172636521575));
#3659 = CARTESIAN_POINT('',(-1.142420509896,-1.9867419226,
    -6.137361271089));
#3660 = CARTESIAN_POINT('',(-0.772970598571,-2.138514361048,
    -6.102085242182));
#3661 = CARTESIAN_POINT('',(-4.234238405412E-06,-2.290287665597,
    -6.031530536159));
#3662 = CARTESIAN_POINT('',(0.772974003068,-2.138512290945,
    -5.960972869194));
#3663 = CARTESIAN_POINT('',(1.142435700969,-1.986737256759,
    -5.925693768149));
#3664 = CARTESIAN_POINT('',(1.477834321237,-1.763534052504,
    -5.890415902798));
#3665 = CARTESIAN_POINT('',(1.763541151786,-1.477826574421,
    -5.855139156043));
#3666 = CARTESIAN_POINT('',(1.986740451071,-1.14243123329,
    -5.819862296938));
#3667 = CARTESIAN_POINT('',(2.138511333298,-0.77297372597,
    -5.784584579356));
#3668 = CARTESIAN_POINT('',(2.290281198468,1.983191435067E-06,
    -5.714028565023));
#3669 = CARTESIAN_POINT('',(2.138508822663,0.772977199398,
    -5.643472550689));
#3670 = CARTESIAN_POINT('',(1.986737341657,1.142434072023,
    -5.608194833108));
#3671 = CARTESIAN_POINT('',(1.763540456863,1.477829679928,
    -5.572917974001));
#3672 = CARTESIAN_POINT('',(1.477834621095,1.763539168162,
    -5.537641227245));
#3673 = CARTESIAN_POINT('',(1.142433968443,1.986742770822,
    -5.502363361897));
#3674 = CARTESIAN_POINT('',(0.772970751364,2.138513784608,
    -5.467084260856));
#3675 = CARTESIAN_POINT('',(-8.055652434257E-06,2.290282568997,
    -5.396526593883));
#3676 = CARTESIAN_POINT('',(-0.772973850271,2.138510051643,
    -5.32597188786));
#3677 = CARTESIAN_POINT('',(-1.14242473344,1.986741533796,-5.29069585903
    ));
#3678 = CARTESIAN_POINT('',(-1.477812269887,1.763539377247,
    -5.255420608248));
#3679 = CARTESIAN_POINT('',(-1.763539770407,1.477853263122,
    -5.220145363761));
#3680 = CARTESIAN_POINT('',(-1.986766634425,1.142395925433,-5.184862652)
  );
#3681 = CARTESIAN_POINT('',(-2.138510527704,0.772937511996,
    -5.149574845273));
#3682 = CARTESIAN_POINT('',(-2.214400078151,0.38651975401,
    -5.114306857622));
#3683 = CARTESIAN_POINT('',(-2.214401959068,-1.958388302878E-06,
    -5.079030762286));
#3684 = ( GEOMETRIC_REPRESENTATION_CONTEXT(3) 
GLOBAL_UNCERTAINTY_ASSIGNED_CONTEXT((#3688)) 
GLOBAL_UNIT_ASSIGNED_CONTEXT((#3685,#3686,#3687)) REPRESENTATION_CONTEXT
('Context #1','3D Context with UNIT and UNCERTAINTY') );
#3685 = ( LENGTH_UNIT() NAMED_UNIT(*) SI_UNIT(.MILLI.,.METRE.) );
#3686 = ( NAMED_UNIT(*) PLANE_ANGLE_UNIT() SI_UNIT($,.RADIAN.) );
#3687 = ( NAMED_UNIT(*) SI_UNIT($,.STERADIAN.) SOLID_ANGLE_UNIT() );
#3688 = UNCERTAINTY_MEASURE_WITH_UNIT(LENGTH_MEASURE(1.E-06),#3685,
  'distance_accuracy_value','confusion accuracy');
#3689 = PRODUCT_RELATED_PRODUCT_CATEGORY('part',$,(#7));
#3690 = MECHANICAL_DESIGN_GEOMETRIC_PRESENTATION_REPRESENTATION('',(
    #3691),#3684);
#3691 = STYLED_ITEM('color',(#3692),#15);
#3692 = PRESENTATION_STYLE_ASSIGNMENT((#3693,#3699));
#3693 = SURFACE_STYLE_USAGE(.BOTH.,#3694);
#3694 = SURFACE_SIDE_STYLE('',(#3695));
#3695 = SURFACE_STYLE_FILL_AREA(#3696);
#3696 = FILL_AREA_STYLE('',(#3697));
#3697 = FILL_AREA_STYLE_COLOUR('',#3698);
#3698 = COLOUR_RGB('',0.800000010877,0.800000010877,0.901960800373);
#3699 = CURVE_STYLE('',#3700,POSITIVE_LENGTH_MEASURE(0.1),#3701);
#3700 = DRAUGHTING_PRE_DEFINED_CURVE_FONT('continuous');
#3701 = COLOUR_RGB('',9.803921802644E-02,9.803921802644E-02,
  9.803921802644E-02);
ENDSEC;
END-ISO-10303-21;
